destination_wallet,valid_stamps_count,tx_count,contributor_count,stamp_holders_tx,amount_usd_total,holders_ratio,amount_per_contributor,round
0x0000000001F3723e32D4822353C5b13Df4F8f555,10.0,125,125,121.0,1168.500193605,0.968,9.348001548840001,gr15
0x000002c34bAE6DD7BeC72AcbA6aAAC1e01A359De,25064.0,34746,34746,30797.0,88631.16249243054,0.8863466298278938,2.5508306709385407,gr15
0x007db5de853d723a96e0e28cce72cca897b00ecf,4464.0,1745,1745,477.0,568.49365947069,0.273352435530086,0.325784332074894,fantom
0x0087a081a9B430fd8f688c6ac5dD24421BfB060D,0.0,49,49,44.0,504.96972674,0.8979591836734694,10.305504627346938,gr15
0x01999E431752136372a3d485F527907a6B02A1D1,36.0,33,33,28.0,106.924554035,0.8484848484848485,3.2401380010606062,gr15
0x01D8AEff110a65DA4052f140C19af10374E44525,346.0,378,378,340.0,4416.06193834077,0.8994708994708994,11.682703540584049,gr15
0x01Dcaa487AB9e487ACaFF8D31a92FCf0BB659E35,18.0,93,93,78.0,397.477504325,0.8387096774193549,4.273951659408602,gr15
0x01d79BcEaEaaDfb8fD2F2f53005289CFcF483464,10962.0,9051,9051,7440.0,24067.651222211505,0.8220086178322837,2.659115149951553,gr15
0x01e439813d54e3e0268593a18c4bdbedb11bffc5,4858.0,1691,1691,534.0,363.66192366859997,0.3157894736842105,0.21505731736759312,fantom
0x02B1cb4dE1AF0D10a53d0EfC243E56F6bAa39c1a,110.0,513,513,471.0,6026.32187371875,0.9181286549707602,11.747216128106725,gr15
0x02Cb3C150BEdca124d0aE8CcCb72fefbe705c953,0.0,46,46,37.0,758.84811848,0.8043478260869565,16.496698227826087,gr15
0x02aCb57384d82c6F0875030032b3f248EB46b327,60.0,36,36,29.0,115.905761075,0.8055555555555556,3.2196044743055556,gr15
0x035A1F3419DD223293e5411133d9C786f5885425,477.0,418,418,342.0,1658.6457153580377,0.8181818181818182,3.968051950617315,gr15
0x037e414AbACC799a598314153509B6B967608Bf9,0.0,11,11,8.0,38.803489,0.7272727272727273,3.527589909090909,gr15
0x038a643804a050c2CD196fA65ac451cecba65786,0.0,41,41,38.0,391.0612148175,0.926829268292683,9.538078410182926,gr15
0x03B5867bA7B619d619ec1292d13015CAB5B79d31,105.0,836,836,804.0,1340.0461433611174,0.9617224880382775,1.6029260088051644,gr15
0x0406Bf2dAE6A42d567b4e3DbA6ADA99069622fF1,940.0,747,747,624.0,3469.390209106289,0.8353413654618473,4.644431337491685,gr15
0x0413e238c56005ac17f60e4ebdbfc45fe6fdb0f0,3676.0,1549,1549,392.0,460.15606426298,0.2530664945125888,0.2970665359993415,fantom
0x0442A9aBbc93058a873c371F21CC366338254A88,169.0,116,116,88.0,664.3179773738224,0.7586206896551724,5.726879115291572,gr15
0x045ff23cF3413f6A355F0ACc6eC6cB2721B95D99,12498.0,11250,11250,9495.0,29374.36669297571,0.844,2.6110548171533963,gr15
0x048669c431230A9A8298b7Ec045f1E1137827cCA,0.0,12,12,9.0,51.131209385,0.75,4.260934115416666,gr15
0x048a9ea34FcE0B2828a2703e486648c21ACCCC1A,453.0,572,572,509.0,2480.6156343604002,0.8898601398601399,4.336740619511189,gr15
0x04A8A22e5eF364c5237Df13317c4F083f32C2Cc4,0.0,13,13,13.0,152.97655241728157,1.0,11.767427109021659,gr15
0x06278201278C831bEd4E3d38907d6352AbdA9750,70.0,297,297,272.0,1203.812864995,0.9158249158249159,4.053241969680134,gr15
0x064af3bfe01c3a8057fc6faf7bf45985ec707743,4194.0,1608,1608,432.0,495.20676808378,0.26865671641791045,0.307964408012301,fantom
0x065f2bac8db8358c8b72118700a8266c0c5588be,3061.0,1396,1396,343.0,149.35634887215,0.24570200573065903,0.10698878859036533,fantom
0x06917efce692cad37a77a50b9beef6f4cdd36422,12983.0,5293,5293,1335.0,5174.9520875714115,0.25221991309276404,0.9776973526490481,fantom
0x06f09F69E9E3F8F824390D3E1B822B6b248E137D,0.0,24,24,24.0,50.646844924999996,1.0,2.110285205208333,gr15
0x06f849833D0869730Ee98eb6FB75B950b093287b,25.0,12,12,7.0,18.65142315,0.5833333333333334,1.5542852624999999,gr15
0x06fd1a0356a1e58852721331a3aed1b7ebe214ed,50453.0,15122,15122,5103.0,22322.6860138,0.33745536304721596,1.4761728616452852,unicef
0x07286f7D012C47fc844bea638409A8C5A4d7cA8f,10.0,12,12,10.0,32.915268175,0.8333333333333334,2.7429390145833334,gr15
0x073Ab1C0CAd3677cDe9BDb0cDEEDC2085c029579,8.0,20,20,19.0,48.3448686885,0.95,2.417243434425,gr15
0x07e0Cb436908F0Ef0164aC0d3624f7cA677592E6,78.0,67,67,56.0,90.613385455,0.835820895522388,1.352438588880597,gr15
0x082Fc1776d44f69988C475958A0505A5BC2cd77b,44.0,11,11,10.0,22.1703672,0.9090909090909091,2.0154879272727273,gr15
0x08a3c2A819E3de7ACa384c798269B3Ce1CD0e437,1238.0,556,556,414.0,1542.840138665,0.7446043165467626,2.7748923357284174,gr15
0x08a3c2a819e3de7aca384c798269b3ce1cd0e437,31292.0,10511,10511,3219.0,9917.32597266001,0.3062505946151651,0.9435187872381324,fantom
0x08e40e1C0681D072a54Fc5868752c02bb3996FFA,76.0,504,504,466.0,4676.2554765469795,0.9246031746031746,9.278284675688452,gr15
0x08f2E5b3b316C49F8Ab95df0D6ee541271d10f7e,0.0,59,59,46.0,285.47997165,0.7796610169491526,4.838643587288136,gr15
0x0909Db4243e5f48667c66eAa7229B1d100882201,0.0,16,16,13.0,42.1876116,0.8125,2.636725725,gr15
0x09203487A637b28D8D5CfDFE0BCE8F7A815a8c48,0.0,11,11,10.0,73.26540369254897,0.9090909090909091,6.660491244777179,gr15
0x092b254788219cF27761F217013563FdF85b633C,36.0,19,19,19.0,46.719858220999996,1.0,2.4589399063684207,gr15
0x095f1fD53A56C01c76A2a56B7273995Ce915d8C4,193.0,437,437,400.0,6048.038999903293,0.9153318077803204,13.839906178268405,gr15
0x097B7FeB64D0B272efc3092f833B0E18bD4d1521,1302.0,1286,1286,1066.0,76721.51934079657,0.8289269051321928,59.65903525722906,gr15
0x097b3Dca5a9CaFDcE84f64e3a596Aeb74CD889A8,0.0,15,15,11.0,33.658124875,0.7333333333333333,2.2438749916666665,gr15
0x0C1Dc2bE47BeBb487334c4d2e927D02ce910393F,14.0,23,23,16.0,410.12056227,0.6956521739130435,17.831328794347826,gr15
0x0D538d6253Eb5CeBaEf94a873a7d3DF22D6F936c,2938.0,1482,1482,1125.0,6552.660410779438,0.7591093117408907,4.42149825288761,gr15
0x0DcD108c2FdA4aCC3A9d7794B5388ec64bfFc385,4.0,11,11,8.0,45.4135607737,0.7272727272727273,4.128505524881818,gr15
0x0E4d2ec48f03a9eD9068EeA2926dE34b6AB8646b,214.0,216,216,185.0,1153.6621771145,0.8564814814814815,5.341028597752315,gr15
0x0F7272F8873B68b2a2F52685311822D831afC8b4,111.0,201,201,176.0,2304.65054193381,0.8756218905472637,11.46592309419806,gr15
0x0a0A82AeaD38896eafe0CEFabF1F607Ac9Cd288f,0.0,12,12,11.0,56.26798977,0.9166666666666666,4.6889991475,gr15
0x0a1A7829C8300739A125cF41eE39255d1806663D,179.0,604,604,567.0,15763.620154512637,0.9387417218543046,26.098708865087147,gr15
0x0a46a8cc7f3b478595d8098a2ab3047e21bfe47e,4163.0,1676,1676,442.0,292.99967420069,0.2637231503579952,0.1748208079956384,fantom
0x0aFD4375b4684DEB94AD7C02dC8C955f8feF1f0f,120.0,89,89,73.0,190.11640095500002,0.8202247191011236,2.136139336573034,gr15
0x0c0144081D76b9B896D9ECe90239f90d8CFDBE78,33.0,95,95,84.0,703.172319086,0.8842105263157894,7.401813885115789,gr15
0x0c338EBDAA2A4bb0e07A4C779C647cd6C803C25E,89.0,206,206,194.0,807.8911475622,0.941747572815534,3.9218016871951455,gr15
0x0d7c34fe3e08bfd7d0fc2d8f4d83e3493a8d6269,3599.0,1498,1498,382.0,269.22641671278,0.25500667556742324,0.17972390968810414,fantom
0x0daeE5E9E04F995A5939Bb66ee9Af6Bf16C4C7b5,3558.0,1981,1981,1551.0,7719.244952808948,0.7829379101463907,3.896640561741014,gr15
0x0e5c6c79f44a19d98dd58d4c22d3a2fbd555eebe,31296.0,10443,10443,3162.0,11280.34340188,0.30278655558747486,1.080182265812506,unicef
0x0ea26051F7657d59418da186137141CeA90D0652,68.0,180,180,144.0,727.182146925,0.8,4.03990081625,gr15
0x0ff1bAA6c90480d8627B922A1E81393EB9C7eA08,0.0,20,20,14.0,50.5166252,0.7,2.52583126,gr15
0x102EF2536eF4cb29231fBAdBb89c29f0db936231,0.0,22,22,21.0,58.155862395,0.9545454545454546,2.643448290681818,gr15
0x106015DcDb286133Df69e4BbEd2ab3e6DaA88fa3,0.0,46,46,46.0,98.7495826435,1.0,2.1467300574673915,gr15
0x1070F9e5eDD7d77a2817bd71512Ec4Ede358105b,15.0,31,31,30.0,56.923999651,0.967741935483871,1.8362580532580646,gr15
0x10E87b05fe0EDE0BbB0a52aFa96c08618A3E02F0,10468.0,9189,9189,7717.0,20946.861536166154,0.8398084666449015,2.2795583345484984,gr15
0x10e94339279adcDcF0cEecbEfd9dA342e634A5F5,0.0,12,12,12.0,63.986810835779664,1.0,5.332234236314972,gr15
0x10fa00823D930bD4aB3592CdeD68D830da652D22,9.0,63,63,61.0,413.46006455,0.9682539682539683,6.562858167460318,gr15
0x111a5a1fac7cb02f9fb367f8f75912deaaf18c9a,3726.0,1517,1517,435.0,415.01659783934997,0.2867501647989453,0.27357719040168094,fantom
0x112e372bb5ec17c1ea6b1d679ea72afbd2a94404,8714.0,2492,2492,922.0,825.742720807412,0.36998394863563405,0.331357432105703,fantom
0x1208a26FAa0F4AC65B42098419EB4dAA5e580AC6,317.0,300,300,244.0,1084.5032915315,0.8133333333333334,3.615010971771667,gr15
0x12f3701BD8FAFfFf1Ca57919C80F4aBf17e8753a,224.0,477,477,444.0,3721.661528824709,0.9308176100628931,7.802225427305469,gr15
0x133d705a9696882228F6BB7Fe008745aEf7cdC93,15.0,81,81,71.0,1041.5520557900002,0.8765432098765432,12.8586673554321,gr15
0x1352400bf96D73d41E033F5a14416357A5e0B6bF,291.0,22,22,22.0,22.1675395,1.0,1.0076154318181818,gr15
0x1375847014ba64517210cbfe185808232cf45d4a,6200.0,1996,1996,602.0,547.97123243948,0.3016032064128257,0.2745346855909218,fantom
0x13ebd3443fa5575F0Eb173e323D8419F7452CfB1,44.0,35,35,33.0,352.2597135256,0.9428571428571428,10.064563243588571,gr15
0x148D59faF10b52063071eDdf4Aaf63A395f2d41c,1729.0,1164,1164,924.0,2159.809371321259,0.7938144329896907,1.8555063327502224,gr15
0x14CB60F6Aca2b2A68d975743baCb33F01f587da5,32.0,357,357,314.0,1960.578624023022,0.8795518207282913,5.491816874014067,gr15
0x16d46098e455A04Cf7F3e43c3b2706614fDbEC85,20.0,131,131,105.0,574.9936847487054,0.8015267175572519,4.389264769074087,gr15
0x16e3cd34D685E9af1a76eccc3FcB5951233379F2,0.0,16,16,15.0,52.21509025,0.9375,3.263443140625,gr15
0x170BfFc327885dB67594b9b840E06Cd8cee48701,18.0,45,45,37.0,376.610400055,0.8222222222222222,8.369120001222223,gr15
0x17483a88242f13198Ec6a4a9F1D92665676a3e95,26.0,13,13,12.0,77.19048476,0.9230769230769231,5.937729596923077,gr15
0x17d0f39f93acc2762bfe013c1b3fab0ccb56e335,6612.0,4124,4124,687.0,1698.09029901847,0.1665858389912706,0.4117580744467677,fantom
0x17e4285BeE986aE686504131D3D5ABE0009f297A,26.0,54,54,43.0,1046.68183509,0.7962962962962963,19.382996946111113,gr15
0x181b12729cCB398a7151635e7a61Fc9EDD3369Bb,61.0,37,37,29.0,44.07635045,0.7837837837837838,1.1912527148648648,gr15
0x18C35943cC5CF265e44d7d66e4Ff7683eb8716A5,294.0,204,204,139.0,779.0431154754,0.6813725490196079,3.81883880135,gr15
0x18aa467E40E1deFB1956708830A343c1D01d3D7C,11340.0,16903,16903,14965.0,40075.980452621385,0.8853457966041531,2.3709389133657566,gr15
0x1953fCeF1369df610B2407dBe5a4190535284D47,0.0,15,15,12.0,36.5078975,0.8,2.4338598333333334,gr15
0x1963A6cc8DEb426AE196a95D9e91aC3dFFfC67cB,23.0,106,106,85.0,334.400997540325,0.8018867924528302,3.1547263918898585,gr15
0x1A1eAA933226f913C248A158d20Be05735B9d343,19.0,112,112,105.0,129.9615583657,0.9375,1.1603710568366072,gr15
0x1Ab75FEA1f27A6dfAfF81b0371AB6d57E112906B,15.0,381,381,360.0,4657.464667915,0.9448818897637795,12.224316713687664,gr15
0x1C3fb05D835d83f0777159dB36e38f74E2b27dcE,0.0,20,20,16.0,211.031139405,0.8,10.551556970250001,gr15
0x1C4a70EaDeCc48e436Efd0E997445D71DF57a4ED,48.0,202,202,178.0,1652.168261502035,0.8811881188118812,8.179050799515025,gr15
0x1C677CFf7159a7675713A505f1D55fa0c415d2d2,837.0,395,395,211.0,414.885607345,0.5341772151898734,1.0503433097341772,gr15
0x1C95930Dfc1139381265ce45B5f480F1EFae09A1,15.0,40,40,32.0,904.1635424225,0.8,22.6040885605625,gr15
0x1E2410217C2071046194372Edfd12540b9308029,8.0,42,42,40.0,272.45879994,0.9523809523809523,6.487114284285714,gr15
0x1E79b045Dc29eAe9fdc69673c9DCd7C53E5E159D,4.0,19,19,16.0,183.10176726,0.8421052631578947,9.636935118947369,gr15
0x1E91264736008082BF63B6C20d36a93A329083D8,44.0,35,35,31.0,58.50598555,0.8857142857142857,1.671599587142857,gr15
0x1F7b953113f4dFcBF56a1688529CC812865840e1,144.0,175,175,149.0,10884.702497655,0.8514285714285714,62.1982999866,gr15
0x1a6EF6CC28cF60aa0504CfB21CdffA48Cfe3A8FB,519.0,244,244,182.0,782.93448354,0.7459016393442623,3.2087478833606555,gr15
0x1a947AdAC676da2Fa97f348985f26c82a1537023,122.0,1036,1036,1026.0,1901.72754977,0.9903474903474904,1.8356443530598456,gr15
0x1aC6a323322F3Dad7B7E286d57b6a654cb2a46d1,15.0,120,120,101.0,642.0813979295,0.8416666666666667,5.350678316079167,gr15
0x1aD44446A588010AB6b741cd0201b92f84B597bB,45.0,82,82,63.0,392.60774924461833,0.7682926829268293,4.787899381031931,gr15
0x1b37B1EC6B7faaCbB9AddCCA4043824F36Fb88D8,0.0,14,14,13.0,87.40048598,0.9285714285714286,6.242891855714285,gr15
0x1b8556BDc549D20De33eCba674CF3Bbb88CfEd0A,2.0,123,123,117.0,321.9807545,0.9512195121951219,2.617729711382114,gr15
0x1d970Bdc0828CeBFe8c7E4BdBc68908e12C56A30,10331.0,9949,9949,8398.0,22006.925476453478,0.8441049351693638,2.211973613072015,gr15
0x1dda018bc491b02794497cc1df3d73c8d474ae6f,3847.0,1592,1592,399.0,275.76263209498,0.2506281407035176,0.1732177337280025,fantom
0x1f5CE2eDdaAAe75ff62729feE50F861bCDC0b62e,0.0,14,14,14.0,34.163355,1.0,2.440239642857143,gr15
0x1f9F5a2511C4Ca5B768dadD067bC19916dd59d88,191.0,138,138,108.0,519.612277105,0.782608695652174,3.7653063558333333,gr15
0x1f9fF9D42361537bb2E1e9C77Fe462146837fBCC,2122.0,1433,1433,1145.0,6874.596545321813,0.7990230286113049,4.797345809715153,gr15
0x2007288C1D35cf8674514ed4860b8Adfa0F0349c,14.0,72,72,65.0,891.821711785,0.9027777777777778,12.386412663680556,gr15
0x2042e13FFaB5233237a386c144F04CfcD10A864a,15.0,148,148,138.0,875.29242828,0.9324324324324325,5.914138028918918,gr15
0x20D08E58952bb70ff0EC1271085cA969C14BE2a3,245.0,150,150,136.0,335.637178042,0.9066666666666666,2.2375811869466666,gr15
0x21539334f45Ac41Bd10789942b744a18a4775d6d,38.0,32,32,27.0,353.5432802057797,0.84375,11.048227506430615,gr15
0x21F9F77f867E321Df0747ad62e96602Bd603E734,0.0,20,20,18.0,37.92946998,0.9,1.896473499,gr15
0x21f53DB4D2eAcde70a2E4F0407D073C971eC1A33,42.0,22,22,16.0,69.64195887,0.7272727272727273,3.165543585,gr15
0x2242f42F5AC525d967DfA9f21098160870Edd978,0.0,11,11,11.0,89.1587528,1.0,8.105341163636364,gr15
0x228458226d1F04a01720022Cc04BA207C1AE8f25,50.0,283,283,277.0,7155.884827603038,0.9787985865724381,25.28581211167151,gr15
0x23DBBF0FFD28Bf754FDC1E52f302b81303C211B0,106.0,56,56,43.0,68.14200067,0.7678571428571429,1.2168214405357143,gr15
0x23aDa6E6A9E9D4EcDDd185e3ec353163BCeeBF2a,1397.0,458,458,429.0,2108.251336220605,0.9366812227074236,4.6031688563768665,gr15
0x242ba6d68FfEb4a098B591B32d370F973FF882B7,76.0,148,148,134.0,2652.582264977966,0.9054054054054054,17.922853141743015,gr15
0x2443871804c69ad7f5fac76c766225ec6f4e541f,5324.0,1915,1915,586.0,485.58330134068996,0.3060052219321149,0.25356830357216187,fantom
0x2457d9f4Ca7591E8f1cE46765D7302e62F96727D,196.0,159,159,128.0,306.73258463439987,0.8050314465408805,1.9291357524176092,gr15
0x245Bd6B5D8f494df8256Ae44737A1e5D59769aB4,18.0,14,14,12.0,35.85625328925,0.8571428571428571,2.5611609492321428,gr15
0x24801de57F065d95D741DFf0f419dc5004777C87,0.0,26,26,26.0,31.304583290000004,1.0,1.2040224342307693,gr15
0x249bcB169e91a7A64a13262d705095ad3b95FC46,84.0,132,132,104.0,773.910421591389,0.7878787878787878,5.862957739328705,gr15
0x24c492413fCfd5a8370F43f69205563C3D39Cc5d,14.0,60,60,47.0,1000.6164943299999,0.7833333333333333,16.676941572166665,gr15
0x2604AB91d49106EE861BbC2B6718A4EC25318fae,48.0,226,226,208.0,1636.3197111193733,0.9203539823008849,7.240352704068023,gr15
0x264E467841f02DC85e60d39E103BF1831243aC06,0.0,21,21,13.0,364.065720935,0.6190476190476191,17.336462901666668,gr15
0x26a74e056EB4E3607792DCd87070E468878d14E9,182.0,129,129,124.0,346.49334112500003,0.9612403100775194,2.685994892441861,gr15
0x2755213c8435f15d9929101357686a9c1bec280a,4324.0,2212,2212,449.0,1696.69269851028,0.20298372513562388,0.7670400987840326,fantom
0x27cC10039ccC07B97d4E7E54143C53a01c4EB495,0.0,11,11,8.0,564.9460653343118,0.7272727272727273,51.35873321221016,gr15
0x2906e0181f371b7a4c4bffe13e31b2a917b368e8,25848.0,9668,9668,2666.0,9622.87520156,0.275755068266446,0.9953325611874224,unicef
0x2987B9951F72b20f0C1cABaeA8a3C53a08402CF2,0.0,15,15,13.0,48.5969472,0.8666666666666667,3.2397964800000003,gr15
0x298F7F66bA43f0EfeCf4bc324b0016F822c783A4,24.0,52,52,43.0,194.7218835,0.8269230769230769,3.7446516057692305,gr15
0x29b1d432a40f40F5418DA2d4ABf740e5E491629B,22.0,11,11,11.0,27.7501155,1.0,2.5227377727272726,gr15
0x2C599f64dC62Ef182A21fa925773846AFAcCC5EC,0.0,19,19,19.0,27.673626,1.0,1.4565066315789472,gr15
0x2D1036d679F3cdcA0EA86Bb0e29540D52346cbC9,443.0,322,322,252.0,902.5289002300001,0.782608695652174,2.8028847833229817,gr15
0x2D407dDb06311396fE14D4b49da5F0471447d45C,62.0,13,13,9.0,13.393821090000001,0.6923076923076923,1.03029393,gr15
0x2D9d84F4D8a4254ea23Fe18825193Cbd1b21b749,532.0,994,994,914.0,2266.3703450798425,0.9195171026156942,2.2800506489736847,gr15
0x2Dd14fe9dFb715Fa086d294eB23fE3A0d576A2f1,74.0,1376,1376,1355.0,2060.000629153755,0.9847383720930233,1.4970934804896476,gr15
0x2DeE5D7e77A1212b21139Bc1d98B249DCc52055D,88.0,160,160,131.0,849.4802860929111,0.81875,5.309251788080695,gr15
0x2E4859A2e7661c2d08eDb79660DbE043e8d669E3,1493.0,714,714,581.0,2678.6437556717888,0.8137254901960784,3.751601898699984,gr15
0x2EF0608A184af534b5b4Cb36708f003c3DF24f53,0.0,870,870,867.0,1185.21620999,0.996551724137931,1.3623174827471263,gr15
0x2Ed502A704f3590b9EAA59Ca1E88a6B457dD577c,0.0,14,14,14.0,47.979568879,1.0,3.427112062785714,gr15
0x2Edaa86197A839792a9Befd71DafB328422be84E,26.0,18,18,12.0,40.04152455,0.6666666666666666,2.2245291416666664,gr15
0x2bda0f075ef125d8aa232df763559c9749cc218c,4158.0,1681,1681,447.0,574.99445339385,0.26591314693634743,0.3420549990445271,fantom
0x2c0A2796039B5270D5aB44D1B86cdFbF722133cF,10.0,12,12,12.0,42.9005571,1.0,3.575046425,gr15
0x2f71129b240080C638ac8d993BFF52169E3551c3,20.0,12,12,12.0,70.576685,1.0,5.881390416666666,gr15
0x30037b47df4c139e00708e1e4fec9205acd9cb25,6663.0,2099,2099,669.0,2434.3725250644,0.3187232015245355,1.159777286833921,fantom
0x30fc1e5e296F557Cf05409cAda9281AD3f6B2969,56.0,22,22,20.0,81.59142135,0.9090909090909091,3.7087009704545455,gr15
0x3102B41F4B028DbD5Ab2908C29541e15D5DDFff8,717.0,629,629,268.0,1093.357501611,0.4260731319554849,1.7382472203672497,gr15
0x311C5735072F4E4Ac78f521167742ff847bDc49a,0.0,45,45,37.0,295.545073725,0.8222222222222222,6.567668305,gr15
0x31856e11ddaabc67e3b7b5de50Dd0EFcE86e361e,0.0,11,11,11.0,31.86337603,1.0,2.8966705481818185,gr15
0x3196AA0F31dFc8CaD40Dc92C418b8Af5e7ccAD65,0.0,16,16,14.0,312.25924249999997,0.875,19.516202656249998,gr15
0x31e7e4bB3Aa3A5Dd3AC5E240223eb4416CFFa5c3,80.0,105,105,92.0,545.1512649709548,0.8761904761904762,5.191916809247188,gr15
0x322B151C5ad70916858bAf5548AF9642f4Cf1f48,113.0,1122,1122,1113.0,1547.994632009,0.9919786096256684,1.3796743600793226,gr15
0x32B74B90407309F6637245292cd90347DE658A37,240.0,515,515,474.0,4490.917683383881,0.920388349514563,8.720228511425011,gr15
0x33005c3b9F61154f9F587741f2e0cd5dFA9a182c,61.0,60,60,47.0,378.2566009546854,0.7833333333333333,6.30427668257809,gr15
0x330BdaF3fC683c74526AcaFCF71FC06cCc15f798,0.0,246,246,244.0,568.7555873225,0.991869918699187,2.3120145826117886,gr15
0x3317AD9eDa6942b5a7BE5BA83346C0Ea82C3C26C,39.0,180,180,172.0,950.44201366,0.9555555555555556,5.280233409222222,gr15
0x33359285F30E7B3386dE70ca500F4fe27853765B,165.0,328,328,282.0,1768.4664569226798,0.8597560975609756,5.391666027203292,gr15
0x334EF963B3f4AB3c9E4f2580e734025FAc830fFB,183.0,1271,1271,1228.0,5764.425602530438,0.966168371361133,4.535346658167142,gr15
0x33644e4D6bb589854fbb906276147Afd7de86E09,0.0,11,11,7.0,62.123593910000004,0.6363636363636364,5.647599446363636,gr15
0x33691C71ACcf25881BC45F78fE10217580C310C9,44.0,34,34,30.0,72.953409955,0.8823529411764706,2.145688528088235,gr15
0x336Ce087593688F431e3D9D57188Fa8Df10cF49B,70.0,285,285,269.0,2039.2820871625001,0.9438596491228071,7.155375744429825,gr15
0x3460BF837B6741035d20Ea2D894A4423A859af12,44.0,257,257,230.0,1646.703944722,0.8949416342412452,6.40740834522179,gr15
0x34B9bc5132319B38Cd0E6Bc812ad6a40bA7AaDB2,0.0,22,22,21.0,256.49130049999997,0.9545454545454546,11.658695477272726,gr15
0x34E8552ea9b77D3dCB15dF869d7F4Fd5D2C2f5d4,2649.0,3942,3942,3118.0,10925.501641534964,0.7909690512430239,2.771563074970818,gr15
0x34aea1c8D01c603f32E2a41580713e945C15eea3,0.0,27,27,25.0,477.97952355,0.9259259259259259,17.702945316666668,gr15
0x34f93b12ca2e13c6e64f45cfa36eabadd0ba30fc,11294.0,4942,4942,1120.0,3393.403127079692,0.22662889518413598,0.6866457157182703,fantom
0x358102Be6f587f7455D102Cc330230a1d112d085,0.0,32,32,29.0,88.308653033,0.90625,2.75964540728125,gr15
0x361bCB727543511a09dfd2970beD163874b7F0BC,55.0,1178,1178,1166.0,1706.1892182835,0.9898132427843803,1.4483779442134974,gr15
0x36F72624016C75E96006EC9eD64C575DA538e364,344.0,573,573,498.0,5443.263288426101,0.8691099476439791,9.499586890795989,gr15
0x370C48c715EDD25f2B464E1ABA5810582c5AA8F9,0.0,22,22,22.0,373.08359853132004,1.0,16.958345387787276,gr15
0x383F84bDA7c56bb47686B84056D97481838E73E0,19.0,98,98,88.0,127.7777001071,0.8979591836734694,1.3038540827255103,gr15
0x38A63519a8EE25A074c98394764Cc10db8175E00,148.0,26,26,22.0,180.2914168,0.8461538461538461,6.934285261538462,gr15
0x3927E0642C432A934a4EAA64C79bC8a1D8ac5Fb7,0.0,25,25,17.0,141.65510695,0.68,5.666204278,gr15
0x392aCFD0792C32222edF31C20dD0Cc51528bb9Ea,1102.0,1318,1318,1147.0,10618.600242275998,0.870257966616085,8.056601094291349,gr15
0x3945D766185E2264900C84faC10958B3619C2bD4,70.0,63,63,51.0,701.302097685,0.8095238095238095,11.131779328333334,gr15
0x3953017AF23aB99a7d40f3D26F1595f27c91345f,847.0,304,304,218.0,772.50699584,0.7171052631578947,2.5411414336842104,gr15
0x396e0dcd35A534975BfF6bF044AC0E373A29D231,153.0,107,107,93.0,224.97015874405,0.8691588785046729,2.1025248480752334,gr15
0x3994df9F08C9C5C3fAF8386A6Dbe0dfCA04D110B,0.0,23,23,15.0,83.54557109,0.6521739130434783,3.632416134347826,gr15
0x39B86c3a651E4Ce2e8F8de9074028973D7948567,16.0,19,19,17.0,36.78645885,0.8947368421052632,1.9361294131578948,gr15
0x39D453d4B86c6D97f6D420cB2F0dab957dec0279,0.0,18,18,14.0,80.05978871,0.7777777777777778,4.447766039444445,gr15
0x39d77e51c485f1ff65b1b3b42e9f67cda221f597,34601.0,11089,11089,3412.0,12076.80617752,0.3076923076923077,1.089079824828208,unicef
0x3A5bd1E37b099aE3386D13947b6a90d97675e5e3,15683.0,17735,17735,15455.0,44656.67003136778,0.8714406540738653,2.517996618628011,gr15
0x3BF8Df724A745f210A32F693BFCC50dc2c76D405,0.0,24,24,21.0,115.2769619,0.875,4.803206745833333,gr15
0x3C5c2F4bCeC51a36494682f91Dbc6cA7c63B514C,239.0,408,408,371.0,2624.295808616769,0.9093137254901961,6.43209757013914,gr15
0x3C8281c8786ab29Bcab5B33566968f8011ea6A59,213.0,323,323,277.0,1465.821209997549,0.8575851393188855,4.538146160983124,gr15
0x3CCb0F1f6Cc0709f491A2D25b4FBCa5Fe78870e8,16365.0,16080,16080,13516.0,40968.12497112609,0.840547263681592,2.5477689658660503,gr15
0x3Cc9F396430bC766AC8aa57fc28aeBc5919A5d81,28.0,115,115,90.0,470.190221615,0.782608695652174,4.088610622739131,gr15
0x3D86BFC94f304E888f778396269e0fB54A665896,70.0,41,41,35.0,161.39945988,0.8536585365853658,3.936572192195122,gr15
0x3E19b88E18F8ea86B7A3b321992c92bE3c9901a0,145.0,1300,1300,1291.0,5679.574787543038,0.9930769230769231,4.3689036827254135,gr15
0x3F34181A59C7EbD971aa629A5E05109486242375,26.0,21,21,20.0,128.81024161500002,0.9523809523809523,6.133821029285715,gr15
0x3a049CBb4F7aAE9f318a3c17a9D645A79814F231,46.0,1125,1125,1121.0,1708.893910115,0.9964444444444445,1.5190168089911111,gr15
0x3aa7d98265d405266dE7011b1275C3E166c02245,327.0,203,203,172.0,829.7906968737001,0.8472906403940886,4.087638900855666,gr15
0x3b067Af83F540cB827825a6Ee5480441a4237E77,32.0,42,42,36.0,218.571546257,0.8571428571428571,5.204084434690476,gr15
0x3c7bc69E09e387906Ff6F60dB5A49d3FA2C1ddB0,0.0,23,23,22.0,156.53876,0.9565217391304348,6.80603304347826,gr15
0x3d555B89cCc3CB4C6a76de3BE3Fb796A67dB914d,26.0,26,26,13.0,110.34039007,0.5,4.243861156538461,gr15
0x3e331a358421Ebe3Dc2fEf05449Ec89667E430B9,892.0,451,451,339.0,1519.3369979165,0.7516629711751663,3.368818177198448,gr15
0x3e4D0598887818e53bD4ca542A819385d6bf676E,330.0,221,221,183.0,650.9386612704,0.8280542986425339,2.9454238066533933,gr15
0x3e5B052d64e9375b25Cc9e8a2182Fb7e563e4bFA,39.0,81,81,72.0,1137.7027504757796,0.8888888888888888,14.045712968836785,gr15
0x3e6c23CdAa52B1B6621dBb30c367d16ace21F760,38.0,90,90,68.0,414.18435847,0.7555555555555555,4.602048427444444,gr15
0x3ef1b0db4d10d2e3ce06699c0bd4ef0aaf897614,3650.0,1482,1482,394.0,612.05742443328,0.2658569500674764,0.41299421351773274,fantom
0x3f6c3d4a072c85aab239aef0b411cd89672f7213,3391.0,1467,1467,369.0,2046.14403603148,0.25153374233128833,1.3947812106554056,fantom
0x3ff4EcB0D7A01235dcCD9fc59B0d4969Cb011032,168.0,26,26,26.0,72.81267721,1.0,2.800487585,gr15
0x407Cf0e5Dd3C2c4bCE5a32B92109c2c6f7f1ce23,0.0,198,198,195.0,3023.4795115502,0.9848484848484849,15.27009854318283,gr15
0x408E7d41f05a04AA4289D6Fa259B52D5B660425C,282.0,1810,1810,1758.0,3109.1879143775,0.9712707182320443,1.717783378109116,gr15
0x415784D7d8593959F37D883715eC3e9012eAFAa7,0.0,19,19,15.0,122.27924181,0.7894736842105263,6.435749568947369,gr15
0x41626BA92c0C2a1aD38fC83920300434082B1870,1150.0,1572,1572,1343.0,9963.304847571788,0.8543256997455471,6.337980182933707,gr15
0x418195992eB5eD3D79133f1a57420ab7250beA17,356.0,1088,1088,1071.0,2005.7784403283777,0.984375,1.8435463605959352,gr15
0x41D2a18E1DdACdAbFDdADB62e9AEE67c63070b76,0.0,31,31,19.0,242.03357533500002,0.6129032258064516,7.807534688225807,gr15
0x41DdE2Dc7f718D5F764fc97e8d122864587642d4,122.0,176,176,138.0,731.5758558243119,0.7840909090909091,4.156680999001773,gr15
0x4273A8E57a1Fab8cB5F7cf2D68ad16bEd061520a,531.0,416,416,367.0,2954.588318357569,0.8822115384615384,7.102375765282617,gr15
0x42780F29141e554F6C8AEFf0C7a6b60F33C00a8E,7029.0,5948,5948,5007.0,16077.691146460364,0.8417955615332885,2.703041551187015,gr15
0x43c68A280f464383571aF7aDc39Fb148589eae86,202.0,101,101,67.0,476.85247567,0.6633663366336634,4.72131164029703,gr15
0x453b719D4E8A663C11C21cEe225649527083a758,81.0,28,28,27.0,42.52081807,0.9642857142857143,1.5186006453571428,gr15
0x458ccb954e1451C2aD5464A857B52B2DDeD993FF,0.0,17,17,15.0,44.444241430000005,0.8823529411764706,2.614367142941177,gr15
0x459EFD5F53b4Bb04b278925754Fd427783831bc5,42.0,201,201,173.0,641.9037550774243,0.8606965174129353,3.193551020285693,gr15
0x4649af6cdcb70890861e55fae4ddc1bea8ded047,3916.0,1547,1547,407.0,274.94827776427996,0.26308985132514545,0.1777299791624305,fantom
0x474716e617FEa8898D4fa9D891AA67B5BEDd6C4b,79.0,149,149,132.0,584.3746906773281,0.8859060402684564,3.9219777897807253,gr15
0x47e0826764a98b545487e9c546f73fb01cc8775d,3371.0,1445,1445,368.0,166.19228272328,0.2546712802768166,0.11501196036213147,fantom
0x48294a067d1bc5a58bcbab4b3be329d078d9e1af,9227.0,2939,2939,936.0,964.982767582746,0.318475671997278,0.32833711043985914,fantom
0x48b799AC8F5b71024Fb26D59E8CBE68CDc734721,0.0,52,52,44.0,488.500650915,0.8461538461538461,9.394243286826923,gr15
0x48f84Db418b2C1454e61a12f6E64fCb13cd7d295,1138.0,1275,1275,1150.0,2549.6824394722253,0.9019607843137255,1.9997509329193923,gr15
0x48fb8b4bab194b74cb8af3f97f2df059e534bfdb,3157.0,1380,1380,341.0,172.16555072298,0.24710144927536232,0.12475764545143478,fantom
0x4985Ad3D7d81C9E9a4Cb2CC080f0C6BAa55d8F74,2.0,16,16,11.0,66.5977371,0.6875,4.16235856875,gr15
0x4A35674727c44cf4375d80C6171281Ba2f764213,110.0,118,118,104.0,389.15725735999996,0.8813559322033898,3.2979428589830504,gr15
0x4A62ec005ad047FfE3Ab7828f050aD531DC86891,4.0,26,26,20.0,892.8274994999999,0.7692307692307693,34.33951921153846,gr15
0x4A9a27d614a74Ee5524909cA27bdBcBB7eD3b315,0.0,14,14,14.0,120.99355549343367,1.0,8.642396820959549,gr15
0x4Ab5E3F0b2d1604dD2002CfEcA6163802D74c6Cb,201.0,656,656,574.0,2443.3200523019996,0.875,3.7245732504603652,gr15
0x4B52A1feB5eF62D61cEa2834f0E98A03bB5d7656,0.0,50,50,40.0,868.709944485,0.8,17.3741988897,gr15
0x4B8810b079eb22ecF2D1f75E08E0AbbD6fD87dbF,3150.0,2138,2138,1609.0,5799.161654920749,0.7525724976613658,2.712423599121024,gr15
0x4B921B8AFDc9cCFc7297Bbe6c3a7eACe7dA93D92,70.0,273,273,257.0,1622.7075625455,0.9413919413919414,5.943983745587912,gr15
0x4BD87f86824a1577e705489780376DA5AD309180,43.0,78,78,64.0,383.367124203578,0.8205128205128205,4.914963130815102,gr15
0x4BF66E52f3009Cd138e48f142D47661037160001,384.0,658,658,577.0,7465.87263999158,0.8768996960486323,11.346311003026718,gr15
0x4BcD5893d3BdDDd838E6415B8141249e7ba0018e,999.0,897,897,755.0,1764.3510490885,0.8416945373467113,1.9669465430195097,gr15
0x4C3364502a54c3227f45a14AD6f72bf5877625D1,2091.0,3150,3150,2849.0,5167.929432838594,0.9044444444444445,1.6406125183614584,gr15
0x4D754910d570B30F9a0150EEb7281cB3ce0cF42f,28.0,132,132,114.0,967.435628125,0.8636363636363636,7.329057788825757,gr15
0x4D9339dd97db55e3B9bCBE65dE39fF9c04d1C2cd,344.0,237,237,173.0,879.1084671748421,0.729957805907173,3.7093184268980677,gr15
0x4Dd7f73d8B8BFD8A69655A9a4cf1Eef30E0ACd50,29.0,126,126,113.0,207.54186449615003,0.8968253968253969,1.6471576547313493,gr15
0x4Deb66B214E44eF01365Bc5E22E09626C71d4148,14.0,41,41,33.0,164.0488908201,0.8048780487804879,4.0011924590268295,gr15
0x4FaF9432F7Dbfe93b67057Bb6aAdDEe6684DEB08,0.0,187,187,172.0,1383.632696385255,0.9197860962566845,7.399105328263396,gr15
0x4a73EA3cfCEa23C4209B134339863118d77dF056,34.0,49,49,45.0,405.3230111725,0.9183673469387755,8.271898187193878,gr15
0x4aF147188bfE1c02D18D752eD5E473d8394F2300,4897.0,3587,3587,3045.0,12699.069060383541,0.8488988012266518,3.5403036131540397,gr15
0x4b14987849b67cba5f3b9cB2066addf61B01eDF3,0.0,14,14,14.0,89.3071385,1.0,6.379081321428571,gr15
0x4b564515ee500c313b648937d2751f61f5762e98,3604.0,1503,1503,382.0,229.67816652378,0.2541583499667332,0.15281315137976048,fantom
0x4bDc259CEA29F91B83f2A0A15665db92be03ce68,495.0,1174,1174,1101.0,1675.703092151,0.9378194207836457,1.427345052939523,gr15
0x4bF91058e44BCFaCAf5D5B4129549A70BDBDa7B0,88.0,254,254,237.0,1480.97186452371,0.9330708661417323,5.83059789182563,gr15
0x4cae80e11fB1fd5C5b18550dA7e7A026F12c4cAF,0.0,11,11,9.0,22.113712,0.8181818181818182,2.0103374545454544,gr15
0x4d4795e9E3f918694480F440d5817cDC95e35825,195.0,1753,1753,1700.0,2970.9596080325,0.9697661152310325,1.6947858574058756,gr15
0x4d9339dd97db55e3b9bcbe65de39ff9c04d1c2cd,13126.0,3808,3808,1297.0,4920.68794539015,0.34059873949579833,1.2921974646507748,fantom
0x4e260bB2b25EC6F3A59B478fCDe5eD5B8D783B02,259.0,79,79,68.0,100.1977128215,0.8607594936708861,1.2683254787531646,gr15
0x4e260bb2b25ec6f3a59b478fcde5ed5b8d783b02,25404.0,8507,8507,2570.0,4797.5318401549475,0.30210414952392145,0.5639510803050367,fantom
0x4e3D9399C28c724293dd545225Ec843Ac4c9e953,45.0,36,36,36.0,69.58735597,1.0,1.932982110277778,gr15
0x4f2bc5641C2e7EAeA0eD19824fc0D4479817432D,190.0,479,479,454.0,4059.7136429906,0.9478079331941545,8.475393826702714,gr15
0x5076f87610Ff3D5f859d562a050Dae82F6b3C63e,126.0,145,145,127.0,1570.2566431999999,0.8758620689655172,10.82935616,gr15
0x50B98CC54608e4B5CC06b5fb42b6e17f0066ffbc,28.0,28,28,22.0,775.596612175,0.7857142857142857,27.69987900625,gr15
0x50d7Fe5c1a10531bF3072328c9cAB3530cf8926a,0.0,12,12,8.0,48.974656575,0.6666666666666666,4.08122138125,gr15
0x514869786d482B1eDDFf7E472A85388740cDD0Eb,14.0,80,80,68.0,894.577733891,0.85,11.1822216736375,gr15
0x52087dF39A2fd5b36DbCF2D5d6D96409737B83Ce,0.0,12,12,12.0,112.256367,1.0,9.35469725,gr15
0x521aacB43d89E1b8FFD64d9eF76B0a1074dEdaF8,13.0,96,96,88.0,899.14336573,0.9166666666666666,9.366076726354168,gr15
0x523d007855B3543797E0d3D462CB44B601274819,651.0,495,495,400.0,1460.7540047359,0.8080808080808081,2.9510181913856566,gr15
0x52d039d25f0a2f4e5fa8e7ca7f7d8a4891115bbb,5139.0,2006,2006,550.0,2818.73719568939,0.2741774675972084,1.4051531384294067,fantom
0x531Eb60b2dDE9a841BA358EE033533AAF90D1feA,1633.0,3734,3734,3454.0,12917.306499346272,0.9250133904659882,3.4593750667772554,gr15
0x532Fb5D00f40ced99B16d1E295C77Cda2Eb1BB4F,0.0,32,32,30.0,179.75384637140584,0.9375,5.617307699106433,gr15
0x54AFFF2a59c43D284f5A64b52BC4413eC81b3EB0,26.0,216,216,200.0,1554.03573755,0.9259259259259259,7.194609896064815,gr15
0x54e0cD76449570BE004A8C1Ad7ab0AB2bb8982c3,69.0,63,63,52.0,320.22685468,0.8253968253968254,5.082965947301587,gr15
0x55B23ed53Fe13060183b92979c737A8eF9A73b73,253.0,99,99,79.0,312.68146755000004,0.797979797979798,3.1583986621212126,gr15
0x55aEd0ce035883626e536254dda2F23a5b5D977f,18.0,25,25,24.0,78.82717152000001,0.96,3.1530868608000002,gr15
0x55c376A2f81b89e7C4670Db3f268Eec058Fe3Db9,0.0,18,18,18.0,1562.6814100199997,1.0,86.81563388999999,gr15
0x562c5dfbFb4D58aD90f59dD47797E055ccbDD8f8,56.0,662,662,658.0,996.99424061275,0.9939577039274925,1.5060335960917675,gr15
0x567e212bDE485Ab9448DfB0a1a761441FCEB8A1f,54.0,40,40,33.0,482.0255241500001,0.825,12.050638103750002,gr15
0x5680589efD50d8170E11b7ac26839dc24Fc28975,477.0,194,194,141.0,311.90758189,0.7268041237113402,1.6077710406701031,gr15
0x5794e3BA7391b2b9806B738b20c3F2099e16Dd5d,0.0,33,33,26.0,338.16611864000004,0.7878787878787878,10.247458140606062,gr15
0x57EA12A3A8E441f5FE7B1F3Af1121097b7d3B6A8,5512.0,6736,6736,5965.0,17089.504645970657,0.8855403800475059,2.5370404759457625,gr15
0x57f66cd47fd9a156d17d971334659aa971642F49,18.0,11,11,10.0,149.54758083577966,0.9090909090909091,13.595234621434514,gr15
0x585cD52bf0206a1ee3Bcc609A06Be74ae9C82Bf1,64.0,52,52,46.0,164.0537715656,0.8846153846153846,3.1548802224153842,gr15
0x587FB98E404A18503a24cf19aBB1887704BeB407,141.0,298,298,281.0,1786.6488781917742,0.9429530201342282,5.995466034200585,gr15
0x58B36156A268eC1E28aC781554c556E5152f7450,0.0,14,14,12.0,15.561273150000002,0.8571428571428571,1.111519510714286,gr15
0x59263FB8FE8Ea3171E8d66BEc800d441d85168D3,0.0,13,13,11.0,94.29633299999999,0.8461538461538461,7.253564076923076,gr15
0x59490C362C54C1b60158F19CE499C82aa3669820,33.0,221,221,178.0,1279.587752608022,0.8054298642533937,5.789989830805529,gr15
0x596be05a5688f38acb00231ec16b2589cbd29dda,3129.0,1370,1370,346.0,207.66243877227998,0.25255474452554744,0.15157842246151823,fantom
0x597a3d37a539A76efDE34aDC8e8CC4517E7558ef,0.0,14,14,13.0,95.76583657500001,0.9285714285714286,6.840416898214286,gr15
0x598027C3dC18E6E0576139e2c345eC3BfcFd8E5E,26.0,36,36,29.0,96.77970595,0.8055555555555556,2.6883251652777775,gr15
0x5990c93E10C3b36299A4B7e6306Cc2bC7d818cBe,43.0,16,16,15.0,37.57294106,0.9375,2.34830881625,gr15
0x5A9CE898f0B03c5A3Cd2d0c727efdD0555C86f81,50.0,21,21,19.0,62.29616295176932,0.9047619047619048,2.9664839500842533,gr15
0x5Afc7720b161788f9D833555b7EbC3274FD98Da1,1228.0,472,472,327.0,1242.114941851406,0.6927966101694916,2.6315994530750126,gr15
0x5B3920527cfe207100312f4685E048ee032Fa391,359.0,539,539,502.0,1834.02653687575,0.9313543599257885,3.402646636133117,gr15
0x5B625088Ee2E0E9E3D0BD8AB6Ba3839d68886d2D,509.0,449,449,362.0,1836.92007594695,0.8062360801781737,4.091136026607907,gr15
0x5C93029FFcB89D0E4291044DA6f292DbBd3FFCD8,0.0,27,27,26.0,389.00663585,0.9629629629629629,14.40765317962963,gr15
0x5D7D257d97D8a81F51187a77C6dD226Fb8424d90,356.0,348,348,278.0,1030.002490358,0.7988505747126436,2.959777271143678,gr15
0x5D99805Ca2867F22a318c4e6B0DC5C0EAC457386,22.0,36,36,33.0,125.00656622700001,0.9166666666666666,3.4724046174166667,gr15
0x5a0705d77de4b6d1a100e8df2a2b98b002eb25f2,3429.0,1516,1516,387.0,222.59310884769,0.2552770448548813,0.146829227472091,fantom
0x5a640aC15E7cA26e6067B2F8dd53a7142016b596,26.0,71,71,64.0,625.18097795,0.9014084507042254,8.80536588661972,gr15
0x5a741ab878Bb65f6AE5506455FB555eaf3094B3F,644.0,771,771,733.0,2819.7916706923565,0.9507133592736705,3.6573173420134326,gr15
0x5aDaC46a2C4e8471681F3feF216904EAA8961B16,0.0,14,14,12.0,96.69223023,0.8571428571428571,6.9065878735714294,gr15
0x5b6BCdbB5278616F818775B9A20F220262Fd6E9B,26.0,65,65,58.0,445.430320907549,0.8923076923076924,6.852774167808446,gr15
0x5c25f3e763d567e7cbd791141f645d86dd11c437,3167.0,1412,1412,348.0,386.91738262198,0.24645892351274787,0.27402080922236544,fantom
0x5cD129EC3244664138Bc80EE9216e676b3dac847,11.0,60,60,42.0,291.49040571,0.7,4.8581734285,gr15
0x5cc1096143944a4AF961f70a9e1b89f509a3d236,22.0,156,156,153.0,471.43206124,0.9807692307692307,3.0220003925641024,gr15
0x5e1a2f585675C66D1F0Bd555D9BcE1273674E130,41.0,92,92,79.0,22206.781500046305,0.8586956521739131,241.378059783112,gr15
0x5fb38Dd2fBBb70BA5a14F827b45796782B6690A7,50.0,206,206,197.0,4393.6445382,0.9563106796116505,21.328371544660197,gr15
0x6078c8eeb7ed8916a8f1e85dc8f6e780c09a89ff,34513.0,10980,10980,3391.0,12382.99579196,0.3088342440801457,1.127777394531876,unicef
0x61D87e60B3893801DbC9056c10bc124251Ea7980,70.0,143,143,124.0,675.33324806,0.8671328671328671,4.722610126293706,gr15
0x62131A54d46351E5281c7b9acb7Ee3E712f41449,142.0,371,371,345.0,1834.3213264351,0.9299191374663073,4.9442623354045825,gr15
0x62179dB9a70cB6005596c04e6faa8274DFa7B2D1,26.0,24,24,17.0,160.832426695,0.7083333333333334,6.701351112291667,gr15
0x622B253fddF6d8D4E0c145d7598d8c00Fc7E710c,30.0,127,127,113.0,614.2914422,0.889763779527559,4.83694048976378,gr15
0x62763A0D45Eb16EFe2B9f2f30743BE0e6ec3A207,0.0,19,19,15.0,74.283680621,0.7894736842105263,3.9096674011052635,gr15
0x6279e0BDdC76B8aDCa38585fEE25d763DA058b03,26.0,28,28,25.0,105.1113987,0.8928571428571429,3.753978525,gr15
0x629e715dB365FdBac0a61330cbF256237dcCDcB9,1952.0,1360,1360,849.0,5777.138971551211,0.6242647058823529,4.247896302611185,gr15
0x632Fd6D5E53A8661e751a964c9d7c9aa63Ecaa5A,0.0,97,97,81.0,586.06799585,0.8350515463917526,6.041938101546392,gr15
0x6353bCf2c57FAa124ba278f71F9621C3246d60E5,0.0,44,44,40.0,439.903428815,0.9090909090909091,9.997805200340908,gr15
0x63757e9c621AE7963F2DB2C7F02A1CDD89d6375D,0.0,112,112,84.0,489.78115388110086,0.75,4.373046016795543,gr15
0x63A556c75443b176b5A4078e929e38bEb37a1ff2,4952.0,3001,3001,2535.0,6969.546785097571,0.8447184271909364,2.3224081256573044,gr15
0x63c00c9dd3eff442a6a4e341abaf309f00247e6e,3954.0,1602,1602,424.0,308.22891955946,0.264669163545568,0.19240257151027465,fantom
0x63f27869BE875b7FaDde6Bc3e836F8f7ba1AcE32,0.0,16,16,13.0,106.83152975,0.8125,6.676970609375,gr15
0x642C7F7040C656d633A9267284B338FF41051541,224.0,619,619,570.0,3079.4539602535942,0.9208400646203554,4.974885234658472,gr15
0x648aA14e4424e0825A5cE739C8C68610e143FB79,53.0,162,162,124.0,685.8602868701636,0.7654320987654321,4.2337054745071825,gr15
0x64991CA61f64e5C21a8253CCED95744cc50C95aa,41.0,18,18,14.0,26.219859745,0.7777777777777778,1.4566588747222222,gr15
0x64BC15E0A5A12dDbe321EEDD832d057775D11F56,0.0,113,113,97.0,2119.20768334,0.8584070796460177,18.754050295044248,gr15
0x65a0Af703047dfDd270361659d02f4f0E8547202,348.0,214,214,169.0,347.22443444,0.7897196261682243,1.6225440861682243,gr15
0x65ad2BF7E09af2597C140dF6386a3003d0F5f8Ee,26.0,48,48,42.0,169.261669675,0.875,3.5262847848958336,gr15
0x65d06d3C7Aae913bDAF2475fa8cA5593D4e599CD,0.0,49,49,33.0,252.346776135,0.673469387755102,5.149934206836734,gr15
0x65eD9a7CD4890E23Ac5bc8D51498ae955aF00724,66.0,194,194,179.0,654.74444355,0.9226804123711341,3.374971358505155,gr15
0x662E1664B96C3B9dEbe0798e7E0f8999F39db8D5,4.0,20,20,17.0,93.709598965,0.85,4.68547994825,gr15
0x6679F8B83F8354b930f2486958bcB0FB9aDd547B,36.0,55,55,46.0,197.43629156178898,0.8363636363636363,3.5897507556688906,gr15
0x677d6ec74fa352d4ef9b1886f6155384acd70d90,14066.0,3758,3758,1425.0,2304.91812372331,0.37919105907397554,0.613336382044521,fantom
0x678ab5f14b978916267b4c9e1f546600e55904e3,13315.0,5574,5574,1318.0,3517.03148323078,0.23645496950125583,0.6309708437801902,fantom
0x681044A9b8c0Ec3699e763943ccDA3B163dF18d1,0.0,72,72,60.0,317.87293827,0.8333333333333334,4.414901920416667,gr15
0x6868738d8E1E38E4bD2EB601262453D626D9648c,36.0,73,73,63.0,708.1446792908337,0.863013698630137,9.700612045079913,gr15
0x68C85B3eA70C7cAa14Ad0fc52d3A7d03a63Ef64D,1602.0,2372,2372,2103.0,8293.301641226988,0.886593591905565,3.496332901023182,gr15
0x68f1B255bC4AB21bC66044F8f136Bf5972184995,54.0,1173,1173,1155.0,2122.0886239125,0.9846547314578005,1.8091122113491052,gr15
0x698CcCCB5947c54684e17545327A77b9103F1f7a,453.0,209,209,145.0,320.972047595,0.69377990430622,1.5357514238995216,gr15
0x69D7325d10D26a22B7a8099BcE264f9fcb924bb6,304.0,418,418,376.0,2045.2398801754623,0.8995215311004785,4.892918373625508,gr15
0x6AFB8E78F41ce8e255e70c5D2ebe85f263BDbe50,0.0,20,20,19.0,327.287959895,0.95,16.36439799475,gr15
0x6Ad1FA74815C6952f9558f221dA822d52059a266,0.0,14,14,12.0,69.1636454015,0.8571428571428571,4.940260385821429,gr15
0x6B130682699955932F4E07aF91581e94920606d7,0.0,12,12,10.0,260.58324665,0.8333333333333334,21.715270554166665,gr15
0x6B5918D8EF9094679F4b4e1Bf397a66eA411B118,0.0,92,92,54.0,2490.2978685,0.5869565217391305,27.068455092391304,gr15
0x6E41fe2F8303b89c9dbcCABE59A7F7f8F4312cA9,37.0,70,70,56.0,966.44968544,0.8,13.806424077714286,gr15
0x6E70CC57d5812DB296b2d8c4B3a4F04a1aD4B11E,11.0,103,103,88.0,1491.942787155,0.8543689320388349,14.48488142868932,gr15
0x6E73f3166B2F737E967592F3d9D5a0BdeBcA0ed8,0.0,18,18,14.0,66.328331805,0.7777777777777778,3.6849073225000004,gr15
0x6a08ed0C51A3114D6a5347f1D0D33b1932dC93A7,0.0,42,42,38.0,388.93172988550003,0.9047619047619048,9.260279282988096,gr15
0x6a5341e3Afd085912b8038504EBa5d96e52b513e,0.0,39,39,32.0,530.0181598143118,0.8205128205128205,13.590209226007996,gr15
0x6a55eB9b0eD52EfDdE184033F315269b09d4F0e2,338.0,1267,1267,1184.0,5587.772506078262,0.9344909234411997,4.410238757757113,gr15
0x6b9724e8A8088de7D0cf375a3be88a97Ab61d7A0,70.0,33,33,29.0,86.674283455,0.8787878787878788,2.6264934380303027,gr15
0x6d29938f4b99B9e5c6591797D2Bbc2eedf66d618,89.0,21,21,19.0,88.29824810000001,0.9047619047619048,4.204678480952381,gr15
0x6dBE905B7660bA9B62c5aA360699f93759f9f15b,405.0,149,149,108.0,208.4419082,0.7248322147651006,1.3989389812080537,gr15
0x6e1A86826E3bFec941B947a7Dc05C4c718425a61,396.0,846,846,790.0,6456.093747885023,0.933806146572104,7.631316486861729,gr15
0x6eb18f06dff6759e2c66d29550397f624f36829f,4290.0,1588,1588,466.0,612.3864060246,0.29345088161209065,0.3856337569424433,fantom
0x6faad3c23ba7f04db0b54b87c185ce4fb2676b60,3410.0,1495,1495,383.0,230.79219165114998,0.2561872909698997,0.15437604792719062,fantom
0x7016d4d111fB7629a4A3634C358789BCed0F3cCC,0.0,131,131,108.0,829.642284,0.8244274809160306,6.3331472061068705,gr15
0x704C043CeB93bD6cBE570C6A2708c3E1C0310587,635.0,279,279,186.0,728.014565120467,0.6666666666666666,2.609371201148627,gr15
0x7064B608FDA1D5bB26c2434bd93510F658B9e4Ae,78.0,88,88,71.0,327.37748737,0.8068181818181818,3.720198720113636,gr15
0x70B20209c83ec8D01e3c7F2ec77BDe7c40cDF2F6,40.0,347,347,339.0,1782.3822979366,0.9769452449567724,5.136548409039193,gr15
0x70CCBE10F980d80b7eBaab7D2E3A73e87D67B775,156.0,651,651,621.0,3247.7399281430003,0.9539170506912442,4.9888478158878655,gr15
0x70E47C843E0F6ab0991A3189c28F2957eb6d3842,2038.0,1886,1886,1441.0,9395.200283317954,0.764050901378579,4.98154840048672,gr15
0x715aCC4a912f979279b9B3d3a46A3cF1e006C033,316.0,493,493,130.0,714.707064553815,0.26369168356997974,1.4497100700888743,gr15
0x71ac06f78e2724ecd504cdf2b521ed0091498676,8407.0,2599,2599,893.0,879.750834892052,0.34359368988072336,0.3384958964571189,fantom
0x71b9B24BA832b5656d1f0eC774521748109682A6,619.0,661,661,564.0,4379.232732581789,0.8532526475037822,6.625162984238712,gr15
0x72B77d99b460176ADC900c05F6bbB69C332eB4C2,239.0,78,78,40.0,183.893284517,0.5128205128205128,2.3576062117564103,gr15
0x74630370197b4c4795bFEeF6645ee14F8cf8997D,0.0,12,12,9.0,102.989608,0.75,8.582467333333334,gr15
0x74966dDAAE16B3506bc575276Af7E391e3b4d296,0.0,20,20,14.0,239.2949155,0.7,11.964745775,gr15
0x74D8967e812de34702eCD3D453a44bf37440b10b,114.0,94,94,93.0,1126.0339473774059,0.9893617021276596,11.979084546568147,gr15
0x74a68A44EB69DE21Bd512F624c5356D551DF4B49,13.0,102,102,97.0,5272.51526127706,0.9509803921568627,51.69132609095157,gr15
0x755510C0c06F2E3950171d8BF99A8902c0645554,0.0,62,62,48.0,334.38891612,0.7741935483870968,5.39336961483871,gr15
0x757802FBDD0EA9d92B7e9568aAc111c35303b417,26.0,20,20,19.0,858.7762250000001,0.95,42.93881125,gr15
0x75DeD588d2a4734D0a61B9953A3C4e6C6D00AbC4,408.0,244,244,176.0,509.3159134253,0.7213114754098361,2.087360300923361,gr15
0x75cC37322D9eE1cE441a4e486217Dcc71A086Aa1,0.0,19,19,16.0,51.495663799999996,0.8421052631578947,2.710298094736842,gr15
0x765162f9e72CE238a383C6BC5e63fd3a27382EAA,123.0,384,384,82.0,370.90377308985,0.21354166666666666,0.9658952424214844,gr15
0x7676B7fC2d1507BF9abFfC4C1CFEc9176e885e89,117.0,1065,1065,1027.0,1480.6482909198514,0.964319248826291,1.3902800853707524,gr15
0x767b4838b22116e7b05d9de1168a39d7494337c3,3947.0,1609,1609,446.0,1076.48405592678,0.2771908017402113,0.6690391895132256,fantom
0x76803677b44432d14F321ED943f805ab30009d20,66.0,16,16,13.0,50.68051412,0.8125,3.1675321325,gr15
0x76c354c136fa7518f87d92e3d8fae40c0261ec19,6483.0,2363,2363,684.0,768.8784126622239,0.28946254760897167,0.325382315980628,fantom
0x76e1661691B18cCCf717816a8A9791e76BFA355a,40.0,14,14,9.0,48.73437925,0.6428571428571429,3.4810270892857145,gr15
0x776b3b6238CB38b55c7492824318ADAFA1e6fa45,0.0,25,25,19.0,81.870020025,0.76,3.274800801,gr15
0x77941A14E3d48803dB3ed20cEd549Dd02eF5F144,199.0,291,291,263.0,1795.4019406849798,0.9037800687285223,6.169766119192371,gr15
0x7853Eabb6cFa980eBfD27e3F77e69590EA53c0b7,20.0,28,28,20.0,142.6098665037,0.7142857142857143,5.093209517989286,gr15
0x78C358B63008890CD4B033A2C453B03f55f00a15,0.0,31,31,31.0,58.041425000000004,1.0,1.8723040322580646,gr15
0x78C96850dFacEDe6C9235F50Da3FB688270F4509,126.0,56,56,44.0,269.77971717,0.7857142857142857,4.817494949464286,gr15
0x78a4ac7cf9a27D69ca398A101B56464Ec5354B65,0.0,37,37,31.0,276.7459049505,0.8378378378378378,7.479619052716217,gr15
0x79A9c3aEE79793c2873E6686C22EBf2311778C19,117.0,471,471,441.0,1552.33524510441,0.9363057324840764,3.295828545869236,gr15
0x7AF28d13387ed464a3E0eF3B55437D741fCC9b11,0.0,16,16,12.0,34.46842088,0.75,2.154276305,gr15
0x7B6E86334200c77fc428A4DD067C5c7f260a18dD,0.0,16,16,14.0,74.51734612455,0.875,4.657334132784375,gr15
0x7BDF68678A76b6cCbcd92A1e9Cb24780cef8c5EE,0.0,15,15,12.0,151.27329319999998,0.8,10.084886213333332,gr15
0x7BeA3392b6B82974855425422f058622e71754c4,209.0,109,109,77.0,509.76997418,0.7064220183486238,4.676788753944955,gr15
0x7D658841f8Ba93299970f6e765C2CE205f1E70DD,7005.0,4509,4509,3761.0,15341.846998322875,0.8341095586604569,3.4024943442720947,gr15
0x7DAC9Fc15C1Db4379D75A6E3f330aE849dFfcE18,22.0,21,21,20.0,1199.0003316267691,0.9523809523809523,57.095253886989006,gr15
0x7F2436d628137A1a4f07631b1E09e37455f4aDAe,426.0,821,821,179.0,639.56539607,0.21802679658952498,0.7790077905846529,gr15
0x7F4765A8c1F9f782fDC98FcDCcED1EB10a5C1220,66.0,313,313,277.0,1207.057885769449,0.8849840255591054,3.8564149705094217,gr15
0x7a2b50ff3ad40e335a94a6858ab727fdbbc0a9ba,29992.0,10003,10003,2990.0,12028.39321364,0.2989103269019294,1.2024785777906628,unicef
0x7a7514F3Ee5dcb9a44892303e2691A78CC5CB2Ed,1.0,48,48,9.0,80.730208475,0.1875,1.6818793432291665,gr15
0x7a7721d9f0431c5197e9A2287544536b3A0374B7,0.0,44,44,35.0,307.332735791,0.7954545454545454,6.984834904340909,gr15
0x7b736FE138775D1fCD2CFE4E1D6158BfF3a2F28e,2975.0,3806,3806,2648.0,6966.46337601733,0.6957435627955859,1.8303897467202654,gr15
0x7bD7De26eBD064465Bb9c272513Bb3bcBdDb1E93,0.0,43,43,31.0,366.551137261,0.7209302325581395,8.524445052581395,gr15
0x7d07a15b89aF1507312aaa84613511fDE470F4CF,0.0,173,173,168.0,687.5092727482,0.9710982658959537,3.9740420390069366,gr15
0x7d658841f8ba93299970f6e765c2ce205f1e70dd,23328.0,8252,8252,2393.0,8823.978856968524,0.2899903053805138,1.0693139671556622,fantom
0x7e2213f499920c35346F3BF881D86748B12c23b4,4.0,11,11,7.0,49.6269357737,0.6363636363636364,4.511539615790909,gr15
0x7e54c31020Fd3399E649e6497e47B99e0CBA1925,0.0,21,21,17.0,1628.5367030749999,0.8095238095238095,77.54936681309523,gr15
0x7eCDAE3c137fEf2fFDf4C00CBB0a51a134b769B4,0.0,1042,1042,1035.0,1586.478046525,0.9932821497120922,1.5225317145153552,gr15
0x7ea6b8906a0b33cbdb9582d31364f522395eb0ea,5823.0,1976,1976,618.0,418.167110625492,0.31275303643724695,0.21162303169306276,fantom
0x7f722b8b013Ac7Bd654B3B102Acc7573A32DB9bc,126.0,184,184,145.0,649.1769707143119,0.7880434782608695,3.528135710403869,gr15
0x7fE8c28f258806E86DA3F599453f39f01749fbf5,26.0,34,34,32.0,88.382395955,0.9411764705882353,2.5994822339705883,gr15
0x7fc1a3D5264a2B2563162EbAF17180ED2e5804BC,149.0,378,378,335.0,1988.1858640543119,0.8862433862433863,5.2597509631066455,gr15
0x8012B593917f74dD8C5233FD509B9a02d1bC7079,120.0,256,256,238.0,826.436106845,0.9296875,3.2282660423632814,gr15
0x8052e4fae49f243297b8617023ed609236faa328,3740.0,1559,1559,394.0,311.06347096035,0.25272610647851185,0.19952756315609366,fantom
0x80B815c829150D5535e8DD97339a98e650030EbE,0.0,55,55,50.0,2729.26690515,0.9090909090909091,49.62303463909091,gr15
0x8110d1D04ac316fdCACe8f24fD60C86b810AB15A,110.0,176,176,135.0,1606.2012104484597,0.7670454545454546,9.12614324118443,gr15
0x8144c9927611b84EEeE1aC20D210Ec0aFa3b237B,4420.0,3410,3410,2476.0,12560.07642444071,0.726099706744868,3.6833068693374513,gr15
0x81Bbc5E83901CA95bb85e3D1916D04D434e7f2bD,0.0,48,48,41.0,3866.354850925,0.8541666666666666,80.54905939427083,gr15
0x81c776d0D7F7d9D3699851993EcAa88A46187F11,51.0,304,304,256.0,4484.914709270745,0.8421052631578947,14.75300891207482,gr15
0x81c776d0d7f7d9d3699851993ecaa88a46187f11,32552.0,10975,10975,3283.0,14604.622474239999,0.29913439635535305,1.3307173097257403,unicef
0x81e80B838e04644a93e4F3C701038889d3a1b95e,0.0,61,61,55.0,471.82089460577964,0.9016393442622951,7.734768764029175,gr15
0x8230d08fd17cab204f91a549b03c94f401549418,7409.0,2065,2065,720.0,2795.168895114524,0.3486682808716707,1.3535926852854836,fantom
0x827004D559D523912b75dbD4f817000435d81097,44.0,17,17,16.0,73.76177775,0.9411764705882353,4.338928102941176,gr15
0x8289432ACD5EB0214B1C2526A5EDB480Aa06A9ab,0.0,15,15,13.0,71.039835075,0.8666666666666667,4.7359890049999995,gr15
0x82E02C0cC278fb1E9aB3aF4b9A343d3A6a70918D,38.0,74,74,65.0,166.026613113,0.8783783783783784,2.2436028799054055,gr15
0x82a36A0A43D17A3Ca9462c3867bEcB274b6D3221,137.0,1643,1643,1599.0,2806.0413025295,0.9732197200243458,1.707876629658856,gr15
0x82c4d6f212F30701234aDbFfbB5ed8D65B06910C,38.0,31,31,25.0,733.1519402,0.8064516129032258,23.650062587096773,gr15
0x84a57c709482d44cE49511adac7ED7F1Db299455,0.0,15,15,13.0,79.01741941176931,0.8666666666666667,5.26782796078462,gr15
0x84af3D5824F0390b9510440B6ABB5CC02BB68ea1,540.0,733,733,615.0,8702.768055844925,0.8390177353342428,11.87280771602309,gr15
0x84b3141Cea8c3c5371A652cf3FE50AFF81D79DBA,22.0,11,11,9.0,85.319553821,0.8181818181818182,7.756323074636364,gr15
0x84fB9F36aDB570240AbF2009171E0E16cBfB0473,18.0,37,37,29.0,831.4270833209999,0.7837837837837838,22.471002251918918,gr15
0x852ce6f52d2e8b0e006c46ef25a90c0956d02790,71.0,26,26,23.0,73.48464644500001,0.8846153846153846,2.8263325555769234,gr15
0x8651Cf790fc894512a726A402C9CAAA3687628f0,0.0,11,11,8.0,59.031425670000004,0.7272727272727273,5.366493242727273,gr15
0x86579EBcE57605929Da73d8cE17f40960c3b052a,128.0,222,222,183.0,965.8834297993119,0.8243243243243243,4.350826260357261,gr15
0x86E35e46459aa6CAA97193A2E9a929E9fAC0cbe4,70.0,36,36,32.0,323.15237661,0.8888888888888888,8.976454905833332,gr15
0x86deBB13850C8Df7bABf06717741e037f098aA8b,0.0,19,19,18.0,1206.0790100000002,0.9473684210526315,63.47784263157896,gr15
0x879e5ea3f8b0d5e368a59f79ad8969025953b1f1,21982.0,9056,9056,2421.0,10431.581646259949,0.26733657243816256,1.1518972665923088,fantom
0x87f385d152944689f92ed523e9e5e9bd58ea62ef,5743.0,2013,2013,584.0,757.87949970969,0.29011425732737206,0.3764925482909538,fantom
0x88Ffb774b8583c1C9A2b71b7391861c0Be253993,2461.0,1564,1564,1245.0,2827.2608600019003,0.7960358056265985,1.807711547315793,gr15
0x8917418aBe36E6E788068E96EF5A47d7484C06b1,248.0,147,147,121.0,883.092135522,0.8231292517006803,6.007429493346939,gr15
0x895F63111B97c7Ad0D620f8610Dd360a9c567F31,373.0,180,180,131.0,291.19498079,0.7277777777777777,1.6177498932777776,gr15
0x89C4efDCeA57e9a74e94CC15890e9193D8c7A0BB,0.0,95,95,86.0,132.40927110295002,0.9052631578947369,1.3937818010836844,gr15
0x89a4c9494d022178b783b81d2221657f1d49b375,4744.0,1873,1873,540.0,599.961581063712,0.28830752802989856,0.3203211858322007,fantom
0x89ca6Ff50A47D3DC8F6E96f45548df244C629299,0.0,402,402,402.0,543.87282445,1.0,1.352917473756219,gr15
0x8B24D06B1Aa7f1fbCc9575914b788541E14E1693,26.0,73,73,61.0,378.060342611789,0.8356164383561644,5.178908802901219,gr15
0x8C550784B273eE93f94688645a79ABD9ed16ED25,0.0,12,12,9.0,136.6224978,0.75,11.385208149999999,gr15
0x8C6e8021de64150BF374640Eaf7732542D93aEb8,32.0,74,74,56.0,823.97847478,0.7567567567567568,11.134844253783784,gr15
0x8Df168A41C3a3c6BE0e9208D5027EA80f2C5ba25,20.0,16,16,13.0,39.379958959999996,0.8125,2.4612474349999998,gr15
0x8E00B20DC306ef7a596BB14Ac010ed5f3a681398,187.0,1407,1407,1378.0,5831.577004221238,0.9793887704335466,4.144688702360511,gr15
0x8ECAC75912C136eC58824b79AbF80EAb319A1bAD,20.0,54,54,42.0,170.1487992115,0.7777777777777778,3.150903689101852,gr15
0x8EFEF51d19EF3844C00076ab9d02847B9C70f94A,790.0,960,960,799.0,8790.503497735768,0.8322916666666667,9.156774476808092,gr15
0x8F347581DF09aF22e462DEb4DEdb0aA51F532931,19.0,106,106,96.0,177.22025193710002,0.9056603773584906,1.6718891692179247,gr15
0x8F489287142E91bc6D1a7D44bF8A29cdC3825797,1.0,271,271,267.0,612.9589646675,0.985239852398524,2.2618411980350555,gr15
0x8FEA8562c5513Fe925AeD02C8539839Ba94f8939,0.0,19,19,14.0,84.6174966,0.7368421052631579,4.453552452631579,gr15
0x8Fe59D8fb5Ffd3509e5CB3D386be8bDb2D363662,46.0,38,38,36.0,41.4356008,0.9473684210526315,1.0904105473684211,gr15
0x8b1f85a93Ac6E4F62695Ea8EF2410d248605FEff,0.0,34,34,33.0,209.351631765,0.9705882352941176,6.1574009342647065,gr15
0x8ba1f109551bD432803012645Ac136ddd64DBA72,1214.0,1530,1530,1353.0,11307.119498683076,0.884313725490196,7.390274182145801,gr15
0x8c3FA50473065f1D90f186cA8ba1Aa76Aee409Bb,0.0,16,16,16.0,32.5,1.0,2.03125,gr15
0x8cadb20A4811f363Dadb863A190708bEd26245F8,0.0,34,34,31.0,139.398415045,0.9117647058823529,4.099953383676471,gr15
0x8ddE317041a0154B53EF3f9D275B65C8c4273b40,879.0,1526,1526,1402.0,6245.668232757937,0.9187418086500655,4.092836325529448,gr15
0x8ddfa84bbf59c0e6dbd05a56e9b9931b64255f08,26336.0,9351,9351,2654.0,15293.82322568,0.28381991230884396,1.635528095998289,unicef
0x8f03cE5F78276A1B714491B824e8F53Db36D8ec2,26.0,33,33,32.0,235.19500341999998,0.9696969696969697,7.1271213157575755,gr15
0x8f50ff3d8aa061a0b4bf9131aa0bb9d6a8df91bb,3698.0,1554,1554,406.0,297.79860717597995,0.26126126126126126,0.19163359535133845,fantom
0x9017f6Cf35dE61C1b6872bBe69F34648b1f93944,46.0,44,44,37.0,946.6323947931186,0.8409090909090909,21.51437260893451,gr15
0x90208beb4755ee4c6f2821ec205cb0c1b9db9daf,8490.0,3073,3073,848.0,2113.0058943606,0.27595183859420763,0.6876036102702896,fantom
0x902d9EF9A627ed04067880c86b63Fd57522e6C34,210.0,1797,1797,1740.0,3015.813406074,0.9682804674457429,1.6782489738864774,gr15
0x92Dc6FcB703D46E90D363290181379cEE79e192A,14.0,58,58,43.0,286.256049555,0.7413793103448276,4.935449130258621,gr15
0x932a54b9e916aB39c974743f2065cB4384f2fDEA,58.0,262,262,249.0,3356.389022724,0.950381679389313,12.810645124900763,gr15
0x93305AAa1eba6f174E3FaA2294f9d11bFd90096B,7.0,48,48,44.0,178.07527832,0.9166666666666666,3.7099016316666664,gr15
0x93E1804539973341551911BC619f504746a4F5DB,22.0,14,14,14.0,38.4300262,1.0,2.7450018714285713,gr15
0x93E7540f511378e590e1E1eD2B658911A74F088A,0.0,21,21,17.0,370.109950545,0.8095238095238095,17.624283359285716,gr15
0x946B242EeAb3f2557d77aD10D5279a21789C97bd,0.0,37,37,33.0,178.50516146,0.8918918918918919,4.824463823243244,gr15
0x947F8A49640B4770A8c7fE3C1E69FfC974295448,7516.0,7551,7551,6645.0,19141.448720681623,0.8800158919348431,2.534955465591527,gr15
0x94A3De41eCF3797332bd6CF0188fa0f6CBdE6420,1.0,18,18,18.0,58.46787987,1.0,3.248215548333333,gr15
0x94E14eeFc7C038F5Abb3F1ded895a312633eA5cC,0.0,20,20,17.0,55.184590754999995,0.85,2.7592295377499996,gr15
0x94bE9e31e2237F0C470ae5FC3C8908FA652E9c95,11411.0,8930,8930,7654.0,29031.376806800316,0.857110862262038,3.250994043314705,gr15
0x9531C059098e3d194fF87FebB587aB07B30B1306,777.0,1001,1001,867.0,5226.102850680073,0.8661338661338661,5.220881968711362,gr15
0x954Ccb8E7828e29246740E29F02efba1de0467BE,0.0,26,26,24.0,267.60395083577964,0.9230769230769231,10.292459647529986,gr15
0x95525F6B799268c5ebe23daF1b44DE40cCF74Ec5,0.0,21,21,18.0,340.01182812,0.8571428571428571,16.191039434285717,gr15
0x95F1Fd0aEb5C131750162495E8AFe79F1d7Ca199,35.0,38,38,28.0,1058.56917221,0.7368421052631579,27.857083479210527,gr15
0x95a807bcAb5a16901628acF90FC3057061a3fce9,318.0,983,983,861.0,5711.413789645988,0.8758901322482198,5.810186968103752,gr15
0x95d34596db5a2f65f2a92b97955bf7920fd1c9e3,25808.0,9433,9433,2621.0,11721.9816838,0.27785434114279656,1.2426568094773667,unicef
0x962194c218530A3192CcD528775971Fb7FD057f0,116.0,306,306,284.0,3779.0981535459546,0.9281045751633987,12.349993965836452,gr15
0x96C40f954e8Fbdbc369Dc79A0883Ba816b103179,0.0,11,11,9.0,83.2108367,0.8181818181818182,7.564621518181818,gr15
0x97222B6eD77C17CD6CFC288eA363a688F57FB242,20.0,15,15,10.0,184.67947334311864,0.6666666666666666,12.311964889541242,gr15
0x9755398088d002A232f3C5954a8E1FFDF7B12dBA,0.0,15,15,13.0,133.617491,0.8666666666666667,8.907832733333333,gr15
0x97843608a00e2bbc75ab0C1911387E002565DEDE,130.0,392,392,358.0,3990.7016819382875,0.9132653061224489,10.18036143351604,gr15
0x97Ad915D7230dd5630F1FbB814Ab6Ba810225789,0.0,58,58,58.0,85.8635875,1.0,1.4804066810344827,gr15
0x97B882530830a10f07A9f9A733cB7d0491F808Dc,80.0,111,111,101.0,385.00970035,0.9099099099099099,3.468555859009009,gr15
0x982610927237991e9b319a4c578d89b7823a3a9a,10349.0,2901,2901,1108.0,1305.845675786492,0.3819372630127542,0.450136392894344,fantom
0x982d759567aDd3E18AD8Be4FbAd629dE1cF759c8,38.0,16,16,16.0,42.937431456405854,1.0,2.683589466025366,gr15
0x989163bf637c4C860707468108D55Dd4bFd492be,1283.0,784,784,604.0,1580.0591587665,0.7704081632653061,2.0153815800593113,gr15
0x99126D641ba3924C8AF4dcA4e3B2C33a41718913,1186.0,1527,1527,1362.0,3694.845132879961,0.8919449901768173,2.419675921990806,gr15
0x99B75a632567ce5A86eDE922E23D1B052136192d,2.0,211,211,201.0,1802.700724835,0.95260663507109,8.543605330971564,gr15
0x99a8CE58d2232B0aC2f5cC5C0D08c0B8c6727DCB,33.0,72,72,57.0,277.295492247825,0.7916666666666666,3.8513262812197917,gr15
0x99b36fDbC582D113aF36A21EBa06BFEAb7b9bE12,14142.0,17822,17822,15842.0,44897.08506885407,0.8889013578722926,2.519194538708005,gr15
0x9B5f6dF2C7A331697Cf2616CA884594F6afDC07d,0.0,15,15,12.0,17.8809819,0.8,1.1920654599999998,gr15
0x9B984D5a03980D8dc0a24506c968465424c81DbE,860.0,1515,1515,1382.0,4179.2002882032175,0.9122112211221122,2.7585480450186255,gr15
0x9C0ac414a8B85321fE88ae5c43399960C5F56Bee,1273.0,784,784,660.0,1631.2740541943715,0.8418367346938775,2.080706701778535,gr15
0x9C3EE321558AFBAe72e286d9B637963A794eB5DC,192.0,110,110,92.0,260.6791372615,0.8363636363636363,2.369810338740909,gr15
0x9C9adCc2129b3f0c299E0Fc4e23d8B51aE22E183,466.0,472,472,360.0,1351.2954037471,0.7627118644067796,2.8629139909896186,gr15
0x9CD92C6F564493909B11416Fb912a99EFFbDC4e5,560.0,207,207,155.0,410.08651625,0.748792270531401,1.9810942814009662,gr15
0x9D100F017095e53b24d81296BcA1D26742f1800F,18407.0,17514,17514,14668.0,48516.53713849374,0.837501427429485,2.770157424831206,gr15
0x9D120Bee68ed792884D340f911D8434306b28605,154.0,332,332,299.0,2661.1990445077367,0.9006024096385542,8.015659772613665,gr15
0x9D31e30003f253563Ff108BC60B16Fdf2c93abb5,0.0,13,13,10.0,37.042364195,0.7692307692307693,2.8494126303846152,gr15
0x9D727911B54C455B0071A7B682FcF4Bc444B5596,1943.0,1875,1875,1608.0,11831.192941382948,0.8576,6.309969568737572,gr15
0x9DBf9061A45A9212617d3ACDD56EF5214579e369,44.0,78,78,73.0,151.26714645,0.9358974358974359,1.9393223903846155,gr15
0x9F4BC8b266ec6832D1339B62a6f04F35fCdDd846,5.0,56,56,50.0,642.687454605,0.8928571428571429,11.476561689375,gr15
0x9F67E932b35658657A81C1511a0f5221Ae59098f,40.0,117,117,92.0,1050.8316584617744,0.7863247863247863,8.981467166339952,gr15
0x9Fcc55e782c2E43DFADCC428C4F2f8f32E095782,0.0,78,78,66.0,261.92404869,0.8461538461538461,3.3580006242307694,gr15
0x9a8568782896c4d4153b8b4d7e440e84e2c2cfbb,9228.0,2783,2783,921.0,994.509334033518,0.33093783686669065,0.3573515393580733,fantom
0x9b27cCf7ff2039Ca56fAC29C51519F08d5e87530,4.0,59,59,46.0,308.529479326,0.7796610169491526,5.229313208915254,gr15
0x9b525172dE3787E80e0b939a6E332643B88d2958,44.0,29,29,25.0,64.39175729,0.8620689655172413,2.2204054237931037,gr15
0x9b9C0732CfECBD446EeC92ba53dec31f2c9d88b1,0.0,12,12,11.0,21.398262019500002,0.9166666666666666,1.7831885016250002,gr15
0x9c0C3B989cFdc4bF3a8D70Af412032c973cd5097,10.0,97,97,93.0,160.813536445,0.9587628865979382,1.657871509742268,gr15
0x9cce47E9cF12C6147c9844adBB81fE85880c4df4,855.0,590,590,515.0,1853.5321165978,0.8728813559322034,3.141579858640339,gr15
0x9d4E94dB689Bc471E45b0a18B7BdA36FcCeC9c3b,437.0,528,528,470.0,3542.7338342659186,0.8901515151515151,6.7097231709581795,gr15
0x9fC13b4E1C4206970a1C4520d2f77336CD5D0e0a,62.0,52,52,50.0,94.18214033776931,0.9615384615384616,1.8111950064955638,gr15
0xA0f92821C3AC20FA71A701EfC5Ca5d3C82e29FeE,1240.0,2834,2834,2636.0,6727.85757027308,0.9301340860973889,2.373979382594594,gr15
0xA126F99e0DEFc3bFa963064314c4b1D54c872DCc,230.0,536,536,512.0,1258.91634512412,0.9552238805970149,2.3487245244852986,gr15
0xA19FCDaD77C1F0fd184689aca88BabCF68010347,20.0,39,39,36.0,91.28264783,0.9230769230769231,2.340580713589744,gr15
0xA289001bd43Ece47FB7f78Ac0301296D32d6bB49,0.0,38,38,31.0,871.99658175,0.8157894736842105,22.947278467105264,gr15
0xA2abF6F00566271eBc3b888ea0c821FAA45D6126,0.0,27,27,24.0,79.22750477,0.8888888888888888,2.9343520285185183,gr15
0xA3c2e3d65206deE0456416F8189de7CF4fccbB22,191.0,370,370,66.0,252.91444506000002,0.1783783783783784,0.6835525542162163,gr15
0xA3f83326cE7BD51fB6FDFC3D1c7fA76Dc9d52aee,0.0,19,19,14.0,122.36959771,0.7368421052631579,6.4405051426315785,gr15
0xA559f6d6B5A5661E46dEc454751683294BB26B9E,706.0,1444,1444,1247.0,7620.7100141315195,0.8635734072022161,5.277500009786371,gr15
0xA64f2228cceC96076c82abb903021C33859082F8,101.0,144,144,128.0,936.83368642,0.8888888888888888,6.505789489027778,gr15
0xA8A4912938549d50EF3E7c698C890E18D73408Ee,161.0,101,101,81.0,495.7299775264059,0.801980198019802,4.908217599271345,gr15
0xA9EC89f38a1dC912F1726EE66409a840fFc6a709,18.0,82,82,70.0,662.8585027425,0.8536585365853658,8.08364027734756,gr15
0xAEcaeDc21C3ea0D84C596C126E2FD2e51E54D274,7280.0,6256,6256,5438.0,20044.74987453607,0.8692455242966752,3.204084059228912,gr15
0xAbb9aC1F97FB9b40a538B41f7F5e3681d4495bE5,365.0,1510,1510,1424.0,3712.9010905220503,0.9430463576158941,2.4588748943854637,gr15
0xAc052bA295Ce556404526E9fFAafa0F177782148,186.0,117,117,96.0,471.62267894,0.8205128205128205,4.030963067863248,gr15
0xAdFB64b185D25859BeE3360690c9FECD3341E2B8,340.0,1710,1710,1621.0,6388.404630753188,0.947953216374269,3.735909140791338,gr15
0xAda02482517b71210FF58Dd9dC20E938C87C1524,0.0,81,81,75.0,703.6207929017796,0.9259259259259259,8.686676455577526,gr15
0xAf8FBF59e221D27b55DC3ADc2366F9230bCf5096,0.0,28,28,20.0,108.50642242,0.7142857142857143,3.8752293721428575,gr15
0xAf92CaaEeA48bbd5486f756E4403e392e33503fE,20.0,81,81,75.0,345.51934370000004,0.9259259259259259,4.265670909876544,gr15
0xB04821C9E7e6A2Bd65C6339C8c20eB1438b5c23B,138.0,106,106,90.0,2535.28724191951,0.8490566037735849,23.917804169051983,gr15
0xB17b3e7910AF9d232Cb683C083eF73c34521FC8A,38.0,18,18,13.0,131.64348621,0.7222222222222222,7.313527011666666,gr15
0xB1b3751834646fb999EDd18CA62C69663071cF43,0.0,50,50,45.0,414.09873915000003,0.9,8.281974783,gr15
0xB25C5E8fA1E53eEb9bE3421C59F6A66B786ED77A,24.0,73,73,60.0,1335.93173432,0.821917808219178,18.300434716712328,gr15
0xB352bB4E2A4f27683435f153A259f1B207218b1b,3315.0,2705,2705,2141.0,12767.187628381633,0.7914972273567468,4.7198475520819345,gr15
0xB35cD25e91B376EAfbA79AbE71D78814dEC3401a,65.0,121,121,106.0,1478.4002231,0.8760330578512396,12.21818366198347,gr15
0xB4078042766a6Ec8F813cB4ceedceD4F5e10eC6c,2.0,20,20,17.0,96.75512555499999,0.85,4.83775627775,gr15
0xB422E46540153dDaacCd8f5e899893FC53ab77b8,50.0,37,37,25.0,40.085287505,0.6756756756756757,1.0833861487837837,gr15
0xB4c02725a4664Cc6545C6aAFcc0B8D18A45da1b1,4.0,16,16,15.0,30.955048010621603,0.9375,1.9346905006638502,gr15
0xBA2178f85b5FF9Fe535e2Da1162ec28ADf798501,0.0,333,333,333.0,434.92331167,1.0,1.306076011021021,gr15
0xBAC78374F87D02d3b0d6FAf82d8794201D40b35B,83.0,109,109,101.0,701.3189926156,0.926605504587156,6.434119198308257,gr15
0xBB5C3b21a1edAc92e9779069fe6944a4CF4d345a,100.0,160,160,138.0,1702.605783168605,0.8625,10.641286144803782,gr15
0xBBAaE55697DD45683BE4027F71d6C54243C98219,447.0,2196,2196,2119.0,10402.684631752296,0.964936247723133,4.737105934313432,gr15
0xBC0b437C95c7165F7d1F7C966cb2227DA52a27d7,161.0,63,63,49.0,91.33443436,0.7777777777777778,1.4497529263492064,gr15
0xBE068AE2006CAE837923732BF17DEdeFf90A55DD,0.0,28,28,28.0,80.56178182,1.0,2.8772064935714283,gr15
0xBEC643BD5b7F5e9190617CA4187ef0455950C51C,68.0,134,134,129.0,496.341358656,0.9626865671641791,3.7040399899701493,gr15
0xBF51802dB173061762cF93E39218F526980cd718,0.0,13,13,12.0,30.3303470335,0.9230769230769231,2.3331036179615383,gr15
0xBc11295936Aa79d594139de1B2e12629414F3BDB,425.0,918,918,818.0,3082.639804633535,0.8910675381263616,3.3579954298840247,gr15
0xBc1691780C0578e736323380A9C5FfD2ca578360,0.0,11,11,11.0,12.81922,1.0,1.1653836363636363,gr15
0xBcEdb3E27F2650F4698E1Cc6A02BbD2cEF123B4B,2364.0,1130,1130,872.0,5838.340263338438,0.7716814159292036,5.166672799414546,gr15
0xC0445DBF7BAa9047a728ec7A691982F8b17f99BD,50.0,207,207,173.0,925.643007706789,0.8357487922705314,4.4717053512405265,gr15
0xC0f060632E0BfbE52E48b63dAC225de9b0f856F1,26.0,191,191,181.0,2166.6714653135,0.9476439790575916,11.343829661327225,gr15
0xC1987f61BDCB5459Afc2C835A66D16c844fd7a54,396.0,154,154,111.0,230.480447,0.7207792207792207,1.4966262792207792,gr15
0xC19A8A7bcfF4bfaC344d95EF7146Db8fa7169370,14.0,33,33,28.0,542.0979059460001,0.8484848484848485,16.427209271090913,gr15
0xC1B36D18642F0fF4B6Be1C64D67E5F275114B7fe,154.0,407,407,369.0,4161.104779001535,0.9066339066339066,10.223844665851436,gr15
0xC1E50fD8724FFC25C6C0548629Bce5f2B02998D4,172.0,999,999,985.0,1937.7108837035,0.985985985985986,1.9396505342377377,gr15
0xC1e168983d9AeBF7748FEAed8C10AeC49d99b844,0.0,55,55,43.0,232.712782975,0.7818181818181819,4.231141508636364,gr15
0xC3B288170D923094f36120C9Ede5a4f141f308ba,24.0,131,131,100.0,1135.1990305757797,0.7633587786259542,8.665641454776944,gr15
0xC3E5ae984FC22DCD6716ce88DeA2934C14e22Ffc,68.0,60,60,50.0,656.319799983,0.8333333333333334,10.93866333305,gr15
0xC3d7F926e57Ff06e465823b100b95408e805DfA2,4.0,16,16,13.0,54.970415,0.8125,3.4356509375,gr15
0xC4cfa2BdAE08416312fAa0B72758E1F3750f81e3,90.0,218,218,208.0,1357.517307445,0.9541284403669725,6.227143612133027,gr15
0xC675486888761B33E7115Cc04B5e40B42A96799A,14.0,228,228,210.0,3847.0840920299997,0.9210526315789473,16.87317584223684,gr15
0xC6C42C389B2AD90f0180664849Fbe10bf175633c,5.0,44,44,39.0,213.90777353000001,0.8863636363636364,4.8615403075,gr15
0xC77b7A5618Dc03BB89b837F2C016aa6deccE86F9,5.0,47,47,44.0,368.07266971,0.9361702127659575,7.831333398085107,gr15
0xC80e9ffcc3774f1fe5A925Bda8F846Fa4301eae8,509.0,1325,1325,813.0,2669.268303122163,0.6135849056603774,2.0145421155638967,gr15
0xC876bEC4e02EACc92df0F7b6EEee90c2aD794E50,1629.0,1503,1503,1289.0,11748.458001897496,0.8576180971390552,7.816671990617096,gr15
0xC88b4eA090964434514cF4edDa31Cf291de2A4EB,0.0,189,189,155.0,851.5639372257101,0.8201058201058201,4.50562929749053,gr15
0xC8dECd7AaF036F4Cc7C673FD5b172082c66c289A,16434.0,17465,17465,15261.0,42978.71999859904,0.8738047523618666,2.4608485541711445,gr15
0xC9683E50D2edC15c72b7a7bB8666f7c5C466fE19,0.0,13,13,13.0,35.4631275,1.0,2.7279328846153845,gr15
0xC99C2204297b15cdDE4B0A08b62bEcF4f10DC6dD,56.0,350,350,342.0,8217.786163638038,0.9771428571428571,23.479389038965824,gr15
0xC9C022FCFebE730710aE93CA9247c5Ec9d9236d0,212.0,271,271,249.0,1100.638478375,0.9188191881918819,4.061396599169742,gr15
0xC9a872868afA68BA937f65A1c5b4B252dAB15D85,971.0,875,875,744.0,4100.29324995468,0.8502857142857143,4.686049428519634,gr15
0xCB2C07214Bd2165226C0b85eF2555209a35605f9,0.0,12,12,12.0,60.370759490000005,1.0,5.030896624166667,gr15
0xCD9165FF26Ac50ec9bc3207B9d53Bc70998C6b64,37.0,719,719,711.0,1108.63043001517,0.9888734353268428,1.5419060222742282,gr15
0xCF83d0c22dd54475cC0C52721B0ef07d9756E8C0,0.0,34,34,26.0,221.97135431,0.7647058823529411,6.528569244411765,gr15
0xCFBD9F6E88DCf93a7c409756013b342858C30a31,527.0,297,297,219.0,901.65985254,0.7373737373737373,3.035891759393939,gr15
0xCFFE08BDf20918007f8Ab268C32f8756494fC8D8,8.0,14,14,11.0,348.31759296,0.7857142857142857,24.87982806857143,gr15
0xCb0d167f2C6BDd1ad9BE46260e72759c48554d29,2.0,84,84,68.0,311.615100491,0.8095238095238095,3.70970357727381,gr15
0xCbbd18d3aC27ab0FFfD04BCCd091B2802c92e0ca,36.0,134,134,117.0,1291.49039498,0.8731343283582089,9.637988022238806,gr15
0xCe849efC35A0a0a046E67c76B477c5432E4BA58b,72.0,200,200,169.0,920.2626971350916,0.845,4.601313485675458,gr15
0xD02774f80b3Df8910CB2511749090e948d9496Ad,2020.0,1568,1568,1216.0,6867.424849926849,0.7755102040816326,4.379735235922735,gr15
0xD0Bc14e6A5cE9d002DF35c81597217a2d1e48b41,5.0,26,26,24.0,49.48434936,0.9230769230769231,1.9032442061538464,gr15
0xD14033Fe2Da1DBFbe9A500D063BeF86368DB44B2,725.0,1416,1416,1218.0,3354.3601780334,0.8601694915254238,2.368898430814548,gr15
0xD165df4296C85e780509fa1eace0150d945d49Fd,2580.0,1734,1734,1307.0,9954.8952059772,0.7537485582468282,5.741000695488581,gr15
0xD1E01D5A8483e1a7e4A2AF1F5F6B66B1FC6D8507,23.0,101,101,95.0,720.05219437,0.9405940594059405,7.1292296472277235,gr15
0xD2b4E046B3AE52078275f44Ef81BC19b4ED2872F,895.0,1706,1706,1518.0,13818.351076086617,0.8898007033997656,8.099854089148076,gr15
0xD2eDba756e65132da2EB788a1379e78cB7863A40,0.0,17,17,14.0,216.39397780000002,0.8235294117647058,12.72905751764706,gr15
0xD3A72417EF749B9D8882D0CF5209AFd63c745dC0,366.0,171,171,107.0,288.775148055,0.6257309941520468,1.6887435558771928,gr15
0xD41BDBD4101e02057b7F621f681540ef3Ac81e55,4.0,21,21,18.0,766.403108821,0.8571428571428571,36.49538613433334,gr15
0xD5d38d8835f33388Ff67a0E40989aCdaeBe71C43,0.0,11,11,10.0,18.639132675,0.9090909090909091,1.6944666068181817,gr15
0xD6dB4Be0b1c33987DC01cBF113B5f07c0232a07a,61.0,80,80,62.0,1174.74018834,0.775,14.68425235425,gr15
0xD73EbFad38707CB2AB4D127A43A193Bc526F5151,246.0,193,193,162.0,499.610515492,0.8393782383419689,2.588655520683938,gr15
0xD7ceb6F030699BF707Cb8b927A4f39c989c5Ab8B,534.0,168,168,118.0,240.9235752265,0.7023809523809523,1.434068900157738,gr15
0xD920E60b798A2F5a8332799d8a23075c9E77d5F8,10.0,215,215,200.0,1209.0613906967,0.9302325581395349,5.623541352077675,gr15
0xD9A52b6506743cF5fAFf14C875cB443da9660e00,767.0,594,594,467.0,2331.0123743057798,0.7861952861952862,3.9242632564070368,gr15
0xD9d1ED13275864d73F1af9649E21b06b0eb95724,532.0,343,343,291.0,922.1065977485,0.8483965014577259,2.6883574278381923,gr15
0xDA58FaD4C476583066F1eFe747D4C1974e69676b,0.0,12,12,12.0,629.5381500000001,1.0,52.461512500000005,gr15
0xDC03bBa99220CB8caBDA3Eb15D57bdd585b530f8,46.0,392,392,390.0,722.6462675075,0.9948979591836735,1.843485376294643,gr15
0xDE798cD9C53F4806B9Cc7dD27aDf7c641540167c,286.0,786,786,746.0,1597.287861029881,0.9491094147582697,2.032172851183055,gr15
0xDFC65E0292573311DF30eA4De81F941bCd726aB6,0.0,13,13,12.0,82.0181703895,0.9230769230769231,6.3090900299615384,gr15
0xDc0A08e780411e0D3fF9D43b0d8854118b8af18b,21.0,18,18,12.0,45.76116046,0.6666666666666666,2.542286692222222,gr15
0xDfB0b22940Cc45283D639D22ba26aa55ab8Bfee8,18.0,13,13,11.0,85.31271533431186,0.8461538461538461,6.562516564177836,gr15
0xE01fd3F593679EA1d831A8AB3835E18FAF0c4f8c,1965.0,1413,1413,1176.0,6787.2582663429475,0.832271762208068,4.803438263512348,gr15
0xE0De420CcA21B39e7a6fc15836C26800aF3b74C4,2.0,24,24,22.0,47.33158148,0.9166666666666666,1.9721492283333333,gr15
0xE3Bc594aEb17AAf76a19c4Cd41f88240903ED5aF,60.0,270,270,246.0,1616.9070934921797,0.9111111111111111,5.988544790711777,gr15
0xE559e959b891b14eB5A9DdE45C61b1aEb0b6DF4B,46.0,199,199,176.0,1580.014669895173,0.8844221105527639,7.939772210528508,gr15
0xE5Cff796A1DFFC3018E3f3180F8BddBd7a83Cf60,14.0,65,65,59.0,417.81337836077967,0.9076923076923077,6.42789812862738,gr15
0xE6439D8bc494f30Eb5afCF7C7Bc9e97bB989225f,18.0,16,16,13.0,176.91845284311864,0.8125,11.057403302694915,gr15
0xE6D7b9Fb31B93E542f57c7B6bfa0a5a48EfC9D0f,826.0,2493,2493,2301.0,5708.59157260735,0.9229843561973526,2.28984820401418,gr15
0xE71FbB197BC8fD11090FA657C100d52Dbb407662,458.0,359,359,280.0,1260.44910921,0.7799442896935933,3.511000304206128,gr15
0xE79Adc70d5f48f04aAc49Eef531c771B6a7c652C,0.0,16,16,16.0,25.4647332,1.0,1.591545825,gr15
0xE7BA45D6F915Ca58CE3Aa4A07f7330D75A5957f5,92.0,51,51,44.0,404.35026826,0.8627450980392157,7.92843663254902,gr15
0xE7EA4af8b8960ea8544dc206723a6EC10EAdBB9d,2.0,42,42,42.0,55.5330333,1.0,1.3222150785714286,gr15
0xE8efD33Bf739900E99B015461FfeEb26E967247C,626.0,1388,1388,1030.0,5669.911187010638,0.7420749279538905,4.084950422918327,gr15
0xE9e4E4E3fCE78E25b9729D9289D92813695C184E,0.0,37,37,34.0,201.8336065,0.918918918918919,5.454962337837838,gr15
0xEB0AD24F4Ad1D2cea8B2fc813F2fCabe887FB3D0,574.0,488,488,382.0,2218.145324951406,0.7827868852459017,4.545379764244685,gr15
0xEBCDa7c73EB5Dd7a4314cFf395bE07EB1E24c046,32.0,29,29,25.0,77.894401375,0.8620689655172413,2.6860138405172416,gr15
0xEC68469d2599991f1D6d1ef7439A3886C794c092,591.0,1879,1879,1798.0,3353.250511903,0.9568919638105375,1.7845931409808409,gr15
0xEFEdaf9c07E6eB56BB8F82f30018e4461B1c5F4c,70.0,212,212,190.0,2182.1868131749998,0.8962264150943396,10.293334024410376,gr15
0xEb439EED5642641968f9D8b52F2788e0F19B443B,702.0,1674,1674,1598.0,5874.578598887985,0.954599761051374,3.5093062119999914,gr15
0xEbDb626C95a25f4e304336b1adcAd0521a1Bdca1,0.0,14,14,14.0,22.459924779999998,1.0,1.6042803414285713,gr15
0xEd03c484f4e22095CA89BF41c2eb2c4B23a443bD,325.0,262,262,243.0,1587.895571206,0.9274809160305344,6.060670119106871,gr15
0xEec7689e935A0d8c440f9B1d403f0b6305935788,44.0,89,89,84.0,1854.8339731810065,0.9438202247191011,20.840831159337153,gr15
0xEf4D00efF106727524453A48680EA968498AFF4c,245.0,102,102,86.0,248.37650994999998,0.8431372549019608,2.4350638230392154,gr15
0xEf5d92B78Ca8e3c18d0Eb272acd15f93525C8fED,0.0,27,27,20.0,59.534633150000005,0.7407407407407407,2.2049864129629633,gr15
0xEff50e319Da47dd1D35A01a7C81379CFBBcab096,0.0,11,11,9.0,21.10413145,0.8181818181818182,1.9185574045454545,gr15
0xF026Fa6504a05a8ebB8E984Ee01abb0a093E3463,0.0,18,18,18.0,257.3035305,1.0,14.294640583333335,gr15
0xF0D7a8198D75e10517f035CF11b928e9E2aB20f4,0.0,22,22,21.0,115.08604543,0.9545454545454546,5.231183883181818,gr15
0xF14F66748fF5d530C0235BF8aD017F9Ae79A6B6a,810.0,875,875,807.0,3642.763197504054,0.9222857142857143,4.163157940004633,gr15
0xF292A15764eAac83EEB2Df0824624d9f81Fa1248,14.0,37,37,35.0,246.68444045,0.9459459459459459,6.66714703918919,gr15
0xF3CF346DB5DAb30d73d272499CBAe6E6C0eE2C60,393.0,182,182,135.0,567.665721131,0.7417582417582418,3.1190424237967034,gr15
0xF3F36509C4b509e603C365fb5ebF8D0172D68976,0.0,33,33,31.0,168.71333124449998,0.9393939393939394,5.112525189227272,gr15
0xF41a98D4F2E52aa1ccB48F0b6539e955707b8F7a,38.0,14,14,11.0,52.7075008,0.7857142857142857,3.7648214857142857,gr15
0xF427EbbEb0AeE1b06C99333001009188B5086934,48.0,289,289,261.0,1387.622598073137,0.903114186851211,4.801462277069678,gr15
0xF536a50B39E8080C7E2e5E43993EdB40583Ae7a3,102.0,1154,1154,1141.0,1758.577463435,0.988734835355286,1.523897282006066,gr15
0xF620e02e4D5fa94137c879bF385CDbb20A182190,195.0,1140,1140,1082.0,2216.834157419693,0.9491228070175438,1.9445913661576253,gr15
0xF64b25892E93FA7526606fF68bC2509985850FE6,44.0,82,82,76.0,634.40907707,0.926829268292683,7.736696061829268,gr15
0xF64bBc221f89cc882fBa507908bbE4Ae3Ad2F470,712.0,455,455,361.0,1749.0624908298194,0.7934065934065934,3.8440933864391633,gr15
0xF6B171B1D778194b4bdE6af91Ce0CDEB01825A9B,12582.0,12684,12684,11140.0,42350.74192804233,0.8782718385367392,3.3389105903533842,gr15
0xF77494B20F2DF03a7663465a001486F834739A78,531.0,210,210,148.0,301.216103305,0.7047619047619048,1.4343623966904762,gr15
0xF7c454Feb83b0886f21C2A1FEd78ecD246529789,34.0,82,82,66.0,477.24066070000003,0.8048780487804879,5.820008057317073,gr15
0xF8507cE3031fBe26664D00278f4a45bE19FF11Cb,70.0,95,95,77.0,319.357426871,0.8105263157894737,3.3616571249578944,gr15
0xF8dBc69F9657EF4928539BB8bdae7D9a9191f286,26.0,57,57,45.0,251.67386940577967,0.7894736842105263,4.4153310422066605,gr15
0xF938FD1BCd82987527E5FC4B7F1D87DBF9e498Fa,296.0,472,472,426.0,1613.44794474041,0.902542372881356,3.4183219168229027,gr15
0xFBE7a5a6B823B514aE952D51820940D286EB3Ef1,0.0,189,189,180.0,537.3451639556,0.9523809523809523,2.843096105585185,gr15
0xFC364D9527E127f93A9f24645000b1f5D84465B4,44.0,33,33,29.0,71.48661338,0.8787878787878788,2.1662610115151515,gr15
0xFCC71C59D541DfeF385AEf9bAdE861B1B96dF007,0.0,14,14,13.0,104.138030075,0.9285714285714286,7.438430719642858,gr15
0xFaF6A887f60b9290df99EE58a3A2F59932b2BB6A,0.0,54,54,47.0,447.36580981000003,0.8703703703703703,8.28455203351852,gr15
0xFc27B375fAf1FBd3F3462044Cf810082F042a45B,6.0,74,74,67.0,5325.53687285,0.9054054054054054,71.96671449797297,gr15
0xFc7c18A7F0d53A924D6aF07814c47eEf0Fb4F7d7,609.0,564,564,467.0,5267.2317187786375,0.8280141843971631,9.339063331167797,gr15
0xFcC41c4614bD464bA28ad96f93aAdaA7bA6c8680,28.0,31,31,29.0,85.44502132,0.9354838709677419,2.7562910103225806,gr15
0xFd9F8A0f4bdEaC72F08AF1c708023cC31dD2E3BE,562.0,392,392,311.0,5913.469993265,0.7933673469387755,15.085382635880102,gr15
0xa02ece161c196ce699ca873ef69e644f7eeae6fc,4670.0,1628,1628,476.0,1547.9439805243499,0.29238329238329236,0.9508255408626227,fantom
0xa053473DDa59994682F8e96990ffc36aa982782b,258.0,200,200,174.0,537.71663486,0.87,2.6885831743,gr15
0xa18a6AAa73f03F43E8E29Fde02010735b5852b4c,380.0,316,316,284.0,1725.915052693,0.8987341772151899,5.461756495863924,gr15
0xa1BbD8D39eD536DEa030A32F3F6C5916C845A800,0.0,11,11,11.0,59.75637256,1.0,5.432397505454546,gr15
0xa1e849b1d6c2fd31c63eef7822e9e0632411ada7,11136.0,3880,3880,1179.0,4953.229932602829,0.3038659793814433,1.276605652732688,fantom
0xa2D5266647f5C5812cBDfd9419643704c81A3B4C,5.0,56,56,52.0,195.75037144,0.9285714285714286,3.4955423471428575,gr15
0xa430a62C1c0d469f9Dc6E6944C1cFD9456021e42,28.0,213,213,199.0,2799.566661621086,0.9342723004694836,13.143505453620122,gr15
0xa590Ec5D98877B5E8eb423055EEa476b6F9ceF15,285.0,469,469,414.0,8212.7092187195,0.8827292110874201,17.51110707616098,gr15
0xa644E5831a7Bef338839C31523F7fe66fdC4F5ed,0.0,42,42,32.0,199.590678115,0.7619047619047619,4.752159002738095,gr15
0xa7CA400d49BBa87EB606ee05af93689BD21FaB99,0.0,240,240,220.0,2238.624876455,0.9166666666666666,9.327603651895833,gr15
0xa83daAc20eb2FB0a653E7D0FF922568449B6FC11,472.0,212,212,127.0,708.52106197,0.5990566037735849,3.342080480990566,gr15
0xa8F96f0fdC54301c55D8dF00fCD5139B29Bf3458,46.0,127,127,110.0,660.6605556917,0.8661417322834646,5.202051619619685,gr15
0xa93CFDdB2D48Df5e7492a82ecc57a554d17F0c0C,26.0,12,12,9.0,71.113313025,0.75,5.926109418749999,gr15
0xaE72f891Fc9914b13a90cbED799ee73359077bee,434.0,141,141,105.0,212.3343491,0.7446808510638298,1.5059173695035462,gr15
0xaFbc3F98EEDB5f9A25a4AB2232d1346612efE77C,48.0,71,71,60.0,590.071453191,0.8450704225352113,8.310865537901408,gr15
0xaFc68f263724FD4cF3F91f33AC7d88ceAFB17FfA,36.0,33,33,33.0,110.2050421,1.0,3.3395467303030304,gr15
0xaa116167FCBaeF693AD975E14dabae3c6cF6ccC8,0.0,21,21,13.0,2056.96356513,0.6190476190476191,97.95064595857143,gr15
0xae643b2abff458b5126538f0c093bbf5e71a4992,373.0,327,327,301.0,1534.4953660196002,0.9204892966360856,4.692646379264833,gr15
0xaf30B0285Bb41bdBB732E4a533874901E4943522,0.0,13,13,10.0,58.18495244,0.7692307692307693,4.475765572307693,gr15
0xb0aDB71e08B1c08F028704701c8daF896e768b23,4.0,31,31,25.0,1090.0075314285632,0.8064516129032258,35.161533271889134,gr15
0xb11eacc17bd735854d9d89bee9efe1d6b7e0b9bf,3368.0,1448,1448,362.0,336.00114840615,0.25,0.2320449919931975,fantom
0xb2108A2C8c695E9a6502D7D437F71d0532972bA4,0.0,12,12,11.0,29.43535,0.9166666666666666,2.452945833333333,gr15
0xb2EeeA20C5338C28AE7827dC8FCf39a5e3F56f7A,259.0,168,168,153.0,560.81042649,0.9107142857142857,3.338157300535715,gr15
0xb2f4A5dC2fff8175C1EC3d1fdac4557a1DB07EA2,0.0,26,26,19.0,449.220345,0.7307692307692307,17.277705576923076,gr15
0xb459ff004beaef08f449470660bd9bb431eff09b,5914.0,1911,1911,590.0,958.6922595587799,0.3087388801674516,0.5016704654938671,fantom
0xb614b1464c561eb2fd0d7d3475feb52b5a34dec0,9199.0,2998,2998,925.0,1486.4509279813299,0.3085390260173449,0.4958141854507438,fantom
0xb631E8650fB4bEfDAe74Ab9f86a9Cb65bC134706,0.0,12,12,9.0,37.031425670000004,0.75,3.085952139166667,gr15
0xb6d60c8D85609846D4e1a40B409Ac08ec413D27F,38.0,16,16,12.0,235.35745299560003,0.75,14.709840812225002,gr15
0xb7d6937f3aa9e09817c045b7d5b5fb5064370671,8384.0,2576,2576,831.0,1137.82160684528,0.32259316770186336,0.4417009343343478,fantom
0xb9376ae861cB2D5D217F8670ec99B22d3794a333,46.0,17,17,15.0,27.634548430000002,0.8823529411764706,1.6255616723529414,gr15
0xb9bd7a54E5aA282eF9509DCA116777273fFD4dF7,87.0,1706,1706,1653.0,2927.5387737925003,0.9689331770222743,1.716025072563013,gr15
0xbFCd7f8cC80aBFC5e254456F9fcD57E07A0489e6,12.0,17,17,13.0,94.1012316,0.7647058823529411,5.535366564705883,gr15
0xba0FEE8490118FC4f46Bd0974D7BF93d0e2f1064,20.0,13,13,12.0,232.17641815311865,0.9230769230769231,17.85972447331682,gr15
0xbbD107D7717F9D8556aa0abd444Bc8AE6e288956,0.0,33,33,28.0,488.37758177,0.8484848484848485,14.79932065969697,gr15
0xbcbe0c2f3ab715340decf7b444577935599b0f8f,4381.0,1776,1776,477.0,369.38497725538997,0.2685810810810811,0.20798703674289976,fantom
0xbcd496ead2415bD438269aE0c4f50cE20242a29A,58.0,247,247,234.0,2651.55343981,0.9473684210526315,10.735034169271255,gr15
0xbcedb3e27f2650f4698e1cc6a02bbd2cef123b4b,44254.0,12082,12082,4385.0,11147.640012224014,0.36293659990067867,0.9226651226803521,fantom
0xbe7A9D0ee2F1c7F6e44Ea922e52603e921566778,70.0,184,184,174.0,1647.093076755,0.9456521739130435,8.951592808451087,gr15
0xc0abaaa88038ba8c0fbdb502cab1e4b32915128e,3331.0,1419,1419,360.0,228.62940485747998,0.2536997885835095,0.16112008798976743,fantom
0xc101A23373218dD78AD14149CE59F1701B2CD67F,56.0,1136,1136,1130.0,1942.7481211796,0.9947183098591549,1.7101655996299296,gr15
0xc1501c73cf23067e2a16faceb5be4796cd8f2111,10119.0,3363,3363,1108.0,3551.926598819774,0.3294677371394588,1.056177995486106,fantom
0xc24459138Dab514C87E998E08afD64809d244269,52.0,62,62,54.0,552.7167885512101,0.8709677419354839,8.914786912116293,gr15
0xc291aA03D4A0782a60D38701d0E9FADe5A938d01,10.0,78,78,59.0,446.47153782188053,0.7564102564102564,5.723994074639494,gr15
0xc2e704499e5607be3a6364f96129636b96f5ec48,12236.0,3672,3672,1216.0,1650.120541222746,0.3311546840958606,0.4493792323591356,fantom
0xc301C38133B16590Cee4fBe66AaaCDD3B1f3BB29,0.0,22,22,21.0,92.62938799999999,0.9545454545454546,4.2104267272727265,gr15
0xc323b7F24C2fD032780fC285917a24Ca9e70E366,6783.0,5601,5601,4510.0,14308.50265477688,0.8052133547580789,2.554633575214583,gr15
0xc360c72b24e97Bc5f65745CD8430B34FfFe174f1,68.0,22,22,21.0,51.33098203,0.9545454545454546,2.333226455909091,gr15
0xc3C1B09070B3E5C70EF6E657c587e1Ea14d8723f,0.0,19,19,15.0,101.63999177310001,0.7894736842105263,5.34947325121579,gr15
0xc3cdf939f27b7aacd20b61fec4928c8cddab8a13,4329.0,1714,1714,453.0,545.49818114548,0.26429404900816805,0.3182603157208168,fantom
0xc3d696C268503Df52781E32085110C562f40333d,0.0,26,26,21.0,52.339104665,0.8076923076923077,2.0130424871153845,gr15
0xc4008D79969697CBe75FB0E0bbfeE43847216822,12.0,38,38,31.0,244.04471456000002,0.8157894736842105,6.422229330526316,gr15
0xc424c343554afd6cd270887d4232765850f5e93f,6497.0,2348,2348,685.0,1870.06678225719,0.29173764906303234,0.796450929411069,fantom
0xc4438A52513E198928A6d57886fB9296b68A7B06,0.0,25,25,21.0,250.30129758,0.84,10.0120519032,gr15
0xc4450c8d1009160883e44f24d66d92436ae4B4C5,26.0,39,39,34.0,832.12703064,0.8717948717948718,21.33659052923077,gr15
0xc591Ed222b5F2aeA78Fc694E0f5FB7052e5D6806,0.0,22,22,20.0,82.62588965,0.9090909090909091,3.755722256818182,gr15
0xc5dd9eE7C30C2F9FB1d268FcEb6F43CcD9C21a8c,36.0,15,15,15.0,33.5019346,1.0,2.2334623066666666,gr15
0xc600ccC02D08E432B812b01406f9E1F9aD142778,6.0,23,23,23.0,105.58965421225001,1.0,4.590854530967392,gr15
0xc7816ab57762479dcf33185bad7a1cfcb68a7997,4237.0,1540,1540,465.0,687.60220856715,0.30194805194805197,0.4464949406280195,fantom
0xc87C23c8d5d6E4acDfAC3853f896c837BCA20E0e,0.0,16,16,15.0,56.3533285,0.9375,3.52208303125,gr15
0xc8F9f8C913d6fF031c65e3bF7c7a51Ad1f3a86E5,283.0,370,370,323.0,2807.6731730257798,0.8729729729729729,7.588305873042648,gr15
0xc8a9966f315Da59D02295e3753124Aac76d8c004,105.0,356,356,344.0,4522.003847922105,0.9662921348314607,12.702257999781192,gr15
0xcCe0AAc6dBe4971ECf5b3dbd13EF93Cb50b379bf,1244.0,1248,1248,815.0,6856.925738875238,0.6530448717948718,5.4943315215346455,gr15
0xcE64bA0c1A72Eb7734A03AE006Fb82f06DcFdddE,25.0,72,72,63.0,328.526654679289,0.875,4.562870203879013,gr15
0xcE75b62f12ae1F891bA6222c52a630aa36127142,56.0,146,146,120.0,916.4653732918935,0.821917808219178,6.277160091040366,gr15
0xcFcfd44D7260D57a658Bb08B1Bb9A6454F97e8CB,79.0,153,153,119.0,872.324601585,0.7777777777777778,5.701467984215686,gr15
0xcbF3c13e05Aa9C18Ab8ecbb3302EDad21C23c688,0.0,23,23,19.0,134.57808923,0.8260869565217391,5.851221270869565,gr15
0xcd1e8b4e3908f28217115acce1486b097b0cbe73,3381.0,1496,1496,359.0,206.24171937334998,0.23997326203208555,0.13786211188058153,fantom
0xced950CDd8D7Cc656a44D7C834a21A1A4239C491,3681.0,4023,4023,3377.0,12972.643693400647,0.839423315933383,3.2246193620185553,gr15
0xcef0b1bbec22edc3d07eac2f5f1053359a96a5e2,154.0,291,291,279.0,1705.07020870795,0.9587628865979382,5.859347796247251,gr15
0xd05aa43ea6bed1d138111fe58802fe88dee93bc6,7959.0,2701,2701,850.0,774.41163529031,0.31469825990373934,0.28671293420596444,fantom
0xd061204b73274f09f341cb22d4c87e9cde69e4b4,3614.0,1505,1505,397.0,440.82152097548,0.2637873754152824,0.2929046650999867,fantom
0xd08Fe0c97c80491C6ee696Ee8151bc6E57d1Bf1d,51.0,28,28,26.0,269.1853268,0.9285714285714286,9.613761671428572,gr15
0xd156382c8b7cf309865c7acac5caea323f8c30a4,4398.0,1710,1710,501.0,452.058351843712,0.2929824561403509,0.26436160926532865,fantom
0xd1933DF1c223ad7CB5716B066cA26BC24569e622,234.0,674,674,624.0,6961.594120296048,0.9258160237388724,10.328774659192948,gr15
0xd2135CfB216b74109775236E36d4b433F1DF507B,443.0,667,667,555.0,8762.0752065594,0.8320839580209896,13.136544537570316,gr15
0xd27e1a1a60ebc1b70f4cae5265092c0f6edc7f9d,36746.0,11450,11450,3699.0,13500.72619308,0.323056768558952,1.179102724286463,unicef
0xd29933cBCBa41c213Fd6b9Ce8ea55B784999CC6d,29.0,30,30,24.0,189.51756395,0.8,6.317252131666667,gr15
0xd2993E8217063c72BBE8c736404c7fC02adC9761,116.0,167,167,140.0,2886.8717245443117,0.8383233532934131,17.28665703319947,gr15
0xd2c6f90133dfb6dc74ea788044a748563b5f6d11,3986.0,1711,1711,442.0,279.90905720498,0.25832846288720046,0.16359383822617182,fantom
0xd340967b0e4649dd08675e21129220b71579c36f,3282.0,1370,1370,357.0,186.30295382814998,0.2605839416058394,0.1359875575387956,fantom
0xd35E119782059A27FEAd4EddA8B555f393650BC8,16.0,15,15,14.0,284.992205,0.9333333333333333,18.999480333333334,gr15
0xd35c826bf2bed9a6a448a184026199b500d60514,0.0,19,19,18.0,35.16727728,0.9473684210526315,1.8509093305263158,gr15
0xd41dfd22e5d1f1a223df011ac3200585e5958148,10632.0,3311,3311,1084.0,1441.269759647158,0.3273935366958623,0.43529742061224946,fantom
0xd525fF26F45f3B7D20cfEf170E2cb9E601A0b4dA,203.0,121,121,101.0,696.2901031180558,0.8347107438016529,5.754463662132692,gr15
0xd5D171a9AA125AF13216C3213B5A9Fc793FcCF2c,9.0,18,18,15.0,120.716467695,0.8333333333333334,6.7064704275,gr15
0xd6354d9ad4b1c6f119df32e580ED0E720781CD82,459.0,467,467,388.0,3087.1194554955,0.8308351177730193,6.610534165943255,gr15
0xd68e5b216FC2AF2854152EAC501F9E00807d8C1d,26.0,263,263,226.0,2454.524972336086,0.8593155893536122,9.3327945716201,gr15
0xd6b97e042d03EdBDc100Eb55fbE43Eb75f2e3036,126.0,187,187,166.0,2430.924412387825,0.8877005347593583,12.999595788170188,gr15
0xd6eeF6A4ceB9270776d6b388cFaBA62f5Bc3357f,22.0,66,66,57.0,126.311374415,0.8636363636363636,1.913808703257576,gr15
0xd704C5F9826191F3Bd06caE867d0f20CAfA8AeBA,48.0,354,354,315.0,1633.3780537490109,0.8898305084745762,4.61406229872602,gr15
0xd89944E4cf037D2f1b35989F5f27bD7Da7C16827,70.0,67,67,61.0,364.328221,0.9104477611940298,5.437734641791044,gr15
0xd91bb1474fbba9069fe72beec398e8689a51de28,4136.0,1630,1630,450.0,227.60878072064997,0.27607361963190186,0.13963728878567483,fantom
0xd939f5423066dDC5D33Aaa37cF26bfA7EE977c7C,6.0,30,30,30.0,133.0180143052,1.0,4.433933810173333,gr15
0xd9F9B437f1AcD902F0373459af3fd76db5d07d29,0.0,22,22,20.0,83.98718885000001,0.9090909090909091,3.8175994931818185,gr15
0xd9db270c1b5e3bd161e8c8503c55ceabee709552,3559.0,1433,1433,378.0,204.78699917377998,0.26378227494766227,0.14290788497821352,fantom
0xd9def77285604ca341228ac38A51633031d5f666,0.0,23,23,17.0,200.7735926,0.7391304347826086,8.729286634782609,gr15
0xdA1d0C7f174effBA98Ea1E31424418DC9aeaEa22,33.0,217,217,201.0,446.08346795295,0.9262672811059908,2.055684184114977,gr15
0xdA2B253AeFd1AAC4C6A93c30212950A1635aC5c6,67.0,1056,1056,1052.0,1560.4366334568515,0.9962121212121212,1.4776862059250488,gr15
0xdA86780f3902EbE7A92204D939CF1e03009ecf18,425.0,486,486,433.0,1323.391642923,0.8909465020576132,2.7230280718580246,gr15
0xdD866169DBCf639ed57f0020c5C9F4F4E1AAB263,549.0,301,301,229.0,751.9932665,0.760797342192691,2.4983165,gr15
0xdDe104D6c45906399c61aaDCA2d460b68Ce27897,24.0,35,35,26.0,191.6223771617,0.7428571428571429,5.474925061762857,gr15
0xdE6843c5cdE24472dA420c70E074C890d17B4E28,131.0,124,124,110.0,851.03117502,0.8870967741935484,6.863154637258065,gr15
0xdE81d67Af572EC0F22841da702C1EdC25608dBBB,2108.0,2573,2573,2095.0,11135.797447327139,0.8142246404974738,4.327943042101492,gr15
0xdFe5dcC946aCD395935c28e0e00122cbFA8eBea6,70.0,61,61,59.0,858.015662,0.9672131147540983,14.065830524590165,gr15
0xda0d1b7995e652288ac13540915b899a51d2be50,12238.0,2872,2872,1153.0,1353.399586974504,0.4014623955431755,0.4712394105064429,fantom
0xdaEC7153E3a1314Bb95728D5e615405ba399943B,1762.0,2543,2543,2252.0,8307.757943156616,0.885568226504129,3.2669122859444024,gr15
0xdabFa4C89a4be29790c16e334124A8f5Cd5E874d,0.0,11,11,8.0,29.425542803349998,0.7272727272727273,2.6750493457590907,gr15
0xdbB16c68aA373229Db9f37D85087264361691AB9,196.0,286,286,265.0,1303.7536254436677,0.9265734265734266,4.558579109942894,gr15
0xdcF4396511d02805D74D09F2cdd7de8C75b4df1D,0.0,14,14,13.0,116.9379605,0.9285714285714286,8.352711464285715,gr15
0xdd8DA1F6e9C2bD5bF9cDc517923fD4b9B6765537,935.0,2224,2224,2093.0,3321.2988323436,0.9410971223021583,1.4933897627444246,gr15
0xddB1CB4EdBCD83066Abf26E7102dc0e88009DEAB,192.0,63,63,54.0,109.96098117700001,0.8571428571428571,1.7454123996349207,gr15
0xe01B4C4d1Cb0d15e3f6cE0182e4d98F882058876,0.0,41,41,31.0,217.9615893,0.7560975609756098,5.316136324390245,gr15
0xe126b3E5d052f1F575828f61fEBA4f4f2603652a,4941.0,3629,3629,2907.0,10377.839579973697,0.8010471204188482,2.859696770452934,gr15
0xe126b3e5d052f1f575828f61feba4f4f2603652a,32536.0,11236,11236,3459.0,10202.367602584627,0.3078497686009256,0.9080070846016934,fantom
0xe25D4ddf0BF2777269900115087597f28017c897,0.0,21,21,19.0,166.364905285,0.9047619047619048,7.922138346904761,gr15
0xe269d07ace139330f0832456ac641f2062aa19b5,3895.0,1642,1642,423.0,955.52641580028,0.25761266747868455,0.5819283896469427,fantom
0xe295b7DebcdCA58B2690Eb447855a5EaEF8191E9,8.0,1199,1199,1192.0,1714.9646005525,0.994161801501251,1.4303291080504588,gr15
0xe38533e11B680eAf4C9519Ea99B633BD3ef5c2F8,0.0,13,13,2.0,18.021684575,0.15384615384615385,1.3862834288461536,gr15
0xe40ba4067770390de26e112bbc30d40fe6cacce4,4499.0,1685,1685,480.0,416.24977946969,0.28486646884273,0.24703251007103263,fantom
0xe49024d6De5715bad12A4916B1f8bDEA481CBc34,4.0,107,107,105.0,859.15842907,0.9813084112149533,8.029518028691589,gr15
0xe5ea9543819eef75994e50bafb6375b9011e50fc,3459.0,1563,1563,376.0,318.26787697615,0.24056301983365322,0.20362628085486242,fantom
0xe679Ad6068770700A77EA873ce0A97EdAe9222a2,63.0,77,77,67.0,447.73293722,0.8701298701298701,5.81471347038961,gr15
0xe7048ab8dfa7f7a80d79fd6c5acf8b0c1d174fdf,5641.0,1989,1989,603.0,385.89675320971196,0.3031674208144796,0.1940154616438974,fantom
0xe87A5B03Eaf8723E2498Ea07F2Fa2E5dF8C4eeee,141.0,157,157,141.0,847.0638509050001,0.8980891719745223,5.395311152261147,gr15
0xe915EE741Ac2773a655059818cf3b71dEd04F337,0.0,14,14,12.0,32.51762218,0.8571428571428571,2.322687298571428,gr15
0xeBf5E8bD8ab301b90355d421282B4ad89DB32651,53.0,18,18,14.0,20.55117767,0.7777777777777778,1.1417320927777779,gr15
0xeD5DaF662A2Ce43756823E218bB349DC7535a29e,4.0,57,57,57.0,1036.1549369462798,1.0,18.178156788531226,gr15
0xeEd99E93e073C092131C245C3fDa23781563d67D,978.0,1131,1131,968.0,2955.9298388875286,0.8558797524314765,2.6135542342064797,gr15
0xeF0Ca09fbf9a5f61E657Fb208b46b8685c1d4766,0.0,18,18,17.0,64.85462555500001,0.9444444444444444,3.603034753055556,gr15
0xead9f532c72cf35dab18a42223ee7a1b19bc5abf,3781.0,1529,1529,399.0,478.19016791428,0.26095487246566385,0.3127470032140484,fantom
0xec46F72e808f3FDeD443AD777835E805d2F38488,193.0,1176,1176,1143.0,2105.685404154,0.9719387755102041,1.7905488130561225,gr15
0xec8E47e050A122970CBB4bAf44413f3f070b543D,0.0,15,15,15.0,223.46076300000001,1.0,14.897384200000001,gr15
0xed11e5eA95a5A3440fbAadc4CC404C56D0a5bb04,21.0,54,54,44.0,549.911003945,0.8148148148148148,10.183537110092592,gr15
0xeeec0e4927704ab3bbe5df7f4effa818b43665a3,4658.0,1784,1784,485.0,480.56386491397996,0.2718609865470852,0.26937436374102014,fantom
0xeef4A139425995061AFe01bd5CdF028A7b3E8Ab8,0.0,13,13,13.0,275.2489852086826,1.0,21.172998862206352,gr15
0xef22454779df275E59fE42d5A4b49b43f19778C8,26.0,37,37,30.0,83.42128882,0.8108108108108109,2.2546294275675676,gr15
0xef3155450bAA054ffE7950509CE2042613EE6586,1413.0,995,995,717.0,3775.4213128514775,0.7206030150753768,3.794393279247716,gr15
0xefedaf9c07e6eb56bb8f82f30018e4461b1c5f4c,3417.0,1464,1464,381.0,253.46265877714998,0.26024590163934425,0.1731302314051571,fantom
0xf00fa744e27a6af21850d17c8bfb138bb55f337a,6421.0,2364,2364,684.0,3814.061278838518,0.2893401015228426,1.6133930959553797,fantom
0xf0dBDe527c63B63178576578777f0b7E24755ABb,68.0,35,35,30.0,171.26430467,0.8571428571428571,4.893265847714286,gr15
0xf163d5c49E99EF90a0133054a537Bd301acB5e34,70.0,257,257,236.0,1530.12199518391,0.9182879377431906,5.953782082427665,gr15
0xf25451b08672B876faFFe1a5ffeF19870BD2340D,0.0,26,26,23.0,139.36321594,0.8846153846153846,5.36012369,gr15
0xf26d1Bb347a59F6C283C53156519cC1B1ABacA51,130.0,139,139,124.0,976.0566948750001,0.8920863309352518,7.021990610611511,gr15
0xf28ef4580f514eca5c1b75d0db9b0cb6d62d83ef,17568.0,5498,5498,1716.0,3686.644454876434,0.3121134958166606,0.6705428255504609,fantom
0xf3F527B70aF6012F328D3edE7fCd3F5F3Ca6CBA2,439.0,440,440,359.0,1157.535739219821,0.8159090909090909,2.6307630436814113,gr15
0xf3e78d0c16d148574440d13a76255af0ec20d3b9,6873.0,2401,2401,742.0,727.0688909180179,0.30903790087463556,0.3028191965506114,fantom
0xf503017D7baF7FBC0fff7492b751025c6A78179b,962.0,1405,1405,1219.0,5181.566687177676,0.8676156583629894,3.6879478200552853,gr15
0xf62D09bA0C02dD7d3E6fa8dF03f89DF50DC13440,84.0,242,242,222.0,1549.9771801017,0.9173553719008265,6.404864380585537,gr15
0xf62fafc9b31b016484dcb779d8c3a0b26e9815a6,5230.0,1978,1978,540.0,2465.62215462535,0.2730030333670374,1.246522828425354,fantom
0xf6420F34F17aCA711e66b6D3ae54a45DcC517540,0.0,16,16,15.0,35.35106325,0.9375,2.209441453125,gr15
0xf768f5F340e89698465Fc7C12F31cB485fFf98D2,249.0,121,121,98.0,356.4161623815,0.8099173553719008,2.9455881188553716,gr15
0xf7c163C94441673FD3B998910FFcc596d8E34DF8,70.0,259,259,221.0,1254.719165089312,0.8532818532818532,4.844475540885374,gr15
0xf7c4f2b89e47a63b9089622a91295b49e950637e,3555.0,1564,1564,393.0,349.90431309878,0.25127877237851665,0.22372398535727622,fantom
0xf80Cd14ec747b2AdF7B1A9911b38c65a885dAeeA,157.0,328,328,294.0,1387.6178815,0.8963414634146342,4.230542321646341,gr15
0xf905c05a274b4775432b43D1b651e26039ec6354,0.0,31,31,29.0,247.357166421,0.9354838709677419,7.9792634329354835,gr15
0xf91aAB6F4D844Ce8CaD6620c474508f89E556aC0,23.0,116,116,105.0,164.25171653415,0.9051724137931034,1.4159630735702586,gr15
0xfAbEef09B6a14c380e7798B434A058Dbb1F215b2,0.0,13,13,10.0,52.702115,0.7692307692307693,4.054008846153846,gr15
0xfB97305E70FD9FC7C866cAd439CF15b231EDce62,131.0,1119,1119,1104.0,1659.3767986183777,0.9865951742627346,1.4829104545293814,gr15
0xfC0881dB3E06b764E87E8A59C212f3417D2FE65D,0.0,12,12,7.0,80.8550441,0.5833333333333334,6.737920341666666,gr15
0xfDC66caea47B17933561619a2DD326632Eda7884,0.0,12,12,11.0,158.41915624,0.9166666666666666,13.201596353333334,gr15
0xfa4EE6B523fC1E8B53015D7D81331d568CDb5906,38.0,25,25,21.0,167.8400381139,0.84,6.713601524556,gr15
0xfbCA78474A09E2BF3543f4Fc1037152ea2c6C32d,84.0,128,128,103.0,2503.774213675,0.8046875,19.560736044335936,gr15
